[debug] [2026-04-25T16:56:57.584Z] ----------------------------------------------------------------------
[debug] [2026-04-25T16:56:57.592Z] Command:       F:\nodejs\node.exe F:\nodejs\node_modules\firebase-tools\lib\bin\firebase.js projects:list --json --non-interactive
[debug] [2026-04-25T16:56:57.593Z] CLI Version:   15.8.0
[debug] [2026-04-25T16:56:57.594Z] Platform:      win32
[debug] [2026-04-25T16:56:57.594Z] Node Version:  v22.22.0
[debug] [2026-04-25T16:56:57.595Z] Time:          Sat Apr 25 2026 22:56:57 GMT+0600 (Bangladesh Standard Time)
[debug] [2026-04-25T16:56:57.595Z] ----------------------------------------------------------------------
[debug] 
[debug] [2026-04-25T16:56:57.603Z] >>> [apiv2][query] GET https://firebase-public.firebaseio.com/cli.json [none]
[debug] [2026-04-25T16:56:58.837Z] > command requires scopes: ["email","openid","https://www.googleapis.com/auth/cloudplatformprojects.readonly","https://www.googleapis.com/auth/firebase","https://www.googleapis.com/auth/cloud-platform"]
[debug] [2026-04-25T16:56:58.839Z] > authorizing via signed-in user (mdfaridhossenrehad@gmail.com)
[debug] [2026-04-25T16:56:58.854Z] Checked if tokens are valid: false, expires at: 1776282569440
[debug] [2026-04-25T16:56:58.855Z] Checked if tokens are valid: false, expires at: 1776282569440
[debug] [2026-04-25T16:56:58.856Z] > refreshing access token with scopes: []
[debug] [2026-04-25T16:56:58.859Z] >>> [apiv2][query] POST https://www.googleapis.com/oauth2/v3/token [none]
[debug] [2026-04-25T16:56:58.859Z] >>> [apiv2][body] POST https://www.googleapis.com/oauth2/v3/token [omitted]
[debug] [2026-04-25T16:56:59.237Z] <<< [apiv2][status] POST https://www.googleapis.com/oauth2/v3/token 200
[debug] [2026-04-25T16:56:59.237Z] <<< [apiv2][body] POST https://www.googleapis.com/oauth2/v3/token [omitted]
[debug] [2026-04-25T16:56:59.289Z] >>> [apiv2][query] GET https://firebase.googleapis.com/v1beta1/projects pageSize=1000
[debug] [2026-04-25T16:56:59.941Z] <<< [apiv2][status] GET https://firebase-public.firebaseio.com/cli.json 200
[debug] [2026-04-25T16:56:59.942Z] <<< [apiv2][body] GET https://firebase-public.firebaseio.com/cli.json {"cloudBuildErrorAfter":1594252800000,"cloudBuildWarnAfter":1590019200000,"defaultNode10After":1594252800000,"minVersion":"3.0.5","node8DeploysDisabledAfter":1613390400000,"node8RuntimeDisabledAfter":1615809600000,"node8WarnAfter":1600128000000}
[debug] [2026-04-25T16:57:00.634Z] <<< [apiv2][status] GET https://firebase.googleapis.com/v1beta1/projects 200
[debug] [2026-04-25T16:57:00.635Z] <<< [apiv2][body] GET https://firebase.googleapis.com/v1beta1/projects [omitted]
[info] ┌───────────────────────────┬────────────────────────────────┬────────────────┬──────────────────────┐
│ Project Display Name      │ Project ID                     │ Project Number │ Resource Location ID │
├───────────────────────────┼────────────────────────────────┼────────────────┼──────────────────────┤
│ Acute-Doctor              │ acute-doctor-b0fc9             │ 42375544310    │ [Not specified]      │
├───────────────────────────┼────────────────────────────────┼────────────────┼──────────────────────┤
│ AI-Crack                  │ ai-crack                       │ 532336893547   │ [Not specified]      │
├───────────────────────────┼────────────────────────────────┼────────────────┼──────────────────────┤
│ AI-Resume-Analyzer        │ ai-resume-analyzer-cd29c       │ 64052975497    │ [Not specified]      │
├───────────────────────────┼────────────────────────────────┼────────────────┼──────────────────────┤
│ AI-Resume-Analyzer        │ ai-resume-analyzer-e9294       │ 293075524556   │ [Not specified]      │
├───────────────────────────┼────────────────────────────────┼────────────────┼──────────────────────┤
│ Auth-Moha-Milon-2         │ auth-moha-milon-2-fadaf        │ 341074887476   │ [Not specified]      │
├───────────────────────────┼────────────────────────────────┼────────────────┼──────────────────────┤
│ auth-moha-milon           │ auth-moha-milon-64ac8          │ 78291921905    │ [Not specified]      │
├───────────────────────────┼────────────────────────────────┼────────────────┼──────────────────────┤
│ Auth-Moha-Milon           │ auth-moha-milon-7523a          │ 578349607765   │ [Not specified]      │
├───────────────────────────┼────────────────────────────────┼────────────────┼──────────────────────┤
│ Bistro-Boss               │ bistro-boss-2e70f              │ 953131828977   │ [Not specified]      │
├───────────────────────────┼────────────────────────────────┼────────────────┼──────────────────────┤
│ Bliss-Cihat               │ bliss-cihat                    │ 697545634111   │ [Not specified]      │
├───────────────────────────┼────────────────────────────────┼────────────────┼──────────────────────┤
│ Bliss-Sihat               │ bliss-sihat                    │ 222751913867   │ [Not specified]      │
├───────────────────────────┼────────────────────────────────┼────────────────┼──────────────────────┤
│ BuyCraft                  │ buycraft-190e3                 │ 999796956253   │ [Not specified]      │
├───────────────────────────┼────────────────────────────────┼────────────────┼──────────────────────┤
│ Car-Doctor                │ car-doctor-7b096               │ 129340373027   │ [Not specified]      │
├───────────────────────────┼────────────────────────────────┼────────────────┼──────────────────────┤
│ Cerebro-AI                │ cerebro-ai-303fa               │ 862485878988   │ [Not specified]      │
├───────────────────────────┼────────────────────────────────┼────────────────┼──────────────────────┤
│ CLUSTER                   │ cluster-fe3fd                  │ 770866329018   │ [Not specified]      │
├───────────────────────────┼────────────────────────────────┼────────────────┼──────────────────────┤
│ CLUSTER                   │ cluster-ku                     │ 180080271770   │ [Not specified]      │
├───────────────────────────┼────────────────────────────────┼────────────────┼──────────────────────┤
│ Coffee-store              │ coffee-store-dbc22             │ 770209174557   │ [Not specified]      │
├───────────────────────────┼────────────────────────────────┼────────────────┼──────────────────────┤
│ Contest-Hub               │ contest-hub-2af37              │ 27711950892    │ [Not specified]      │
├───────────────────────────┼────────────────────────────────┼────────────────┼──────────────────────┤
│ Crack-AI-Client           │ crack-ai-client-ceb1a          │ 638058744860   │ [Not specified]      │
├───────────────────────────┼────────────────────────────────┼────────────────┼──────────────────────┤
│ Dhro-Life                 │ dhro-life                      │ 168469414566   │ [Not specified]      │
├───────────────────────────┼────────────────────────────────┼────────────────┼──────────────────────┤
│ Dimple-firebase           │ dimple-firebase-280f1          │ 407842380068   │ [Not specified]      │
├───────────────────────────┼────────────────────────────────┼────────────────┼──────────────────────┤
│ Farid                     │ farid-aab1c                    │ 385388210940   │ [Not specified]      │
├───────────────────────────┼────────────────────────────────┼────────────────┼──────────────────────┤
│ FaridCseKu                │ faridcseku (current)           │ 394136883209   │ [Not specified]      │
├───────────────────────────┼────────────────────────────────┼────────────────┼──────────────────────┤
│ faridUI                   │ faridui                        │ 44903950476    │ [Not specified]      │
├───────────────────────────┼────────────────────────────────┼────────────────┼──────────────────────┤
│ Demo                      │ fir-54085                      │ 439331448604   │ [Not specified]      │
├───────────────────────────┼────────────────────────────────┼────────────────┼──────────────────────┤
│ Flash-Back                │ flash-back-be31a               │ 200059383155   │ [Not specified]      │
├───────────────────────────┼────────────────────────────────┼────────────────┼──────────────────────┤
│ flutter-first-app         │ flutter-first-app-641a0        │ 350993991534   │ [Not specified]      │
├───────────────────────────┼────────────────────────────────┼────────────────┼──────────────────────┤
│ Hall-Management           │ hall-management-824ee          │ 194747158816   │ [Not specified]      │
├───────────────────────────┼────────────────────────────────┼────────────────┼──────────────────────┤
│ HavenHues                 │ havenhues-3cb1f                │ 711285348952   │ [Not specified]      │
├───────────────────────────┼────────────────────────────────┼────────────────┼──────────────────────┤
│ JeetBuzz                  │ jeetbuzz-9b458                 │ 115006862988   │ [Not specified]      │
├───────────────────────────┼────────────────────────────────┼────────────────┼──────────────────────┤
│ Khaja-KU                  │ khaja-ku                       │ 995151444042   │ [Not specified]      │
├───────────────────────────┼────────────────────────────────┼────────────────┼──────────────────────┤
│ KU-CSE-SYMPOSIUM-2024     │ ku-cse-symposium-2024          │ 961041040926   │ [Not specified]      │
├───────────────────────────┼────────────────────────────────┼────────────────┼──────────────────────┤
│ KU-Sport-Management       │ ku-sport-management            │ 57095692690    │ [Not specified]      │
├───────────────────────────┼────────────────────────────────┼────────────────┼──────────────────────┤
│ kuoj                      │ kuoj22                         │ 777594867962   │ [Not specified]      │
├───────────────────────────┼────────────────────────────────┼────────────────┼──────────────────────┤
│ Lottery                   │ lottery-9a59d                  │ 145785758773   │ [Not specified]      │
├───────────────────────────┼────────────────────────────────┼────────────────┼──────────────────────┤
│ Lumora AI                 │ lumora-ai-2026                 │ 862544036723   │ [Not specified]      │
├───────────────────────────┼────────────────────────────────┼────────────────┼──────────────────────┤
│ maboi                     │ maboi-ebee4                    │ 231687618996   │ [Not specified]      │
├───────────────────────────┼────────────────────────────────┼────────────────┼──────────────────────┤
│ Portfolio                 │ portfolio-b0bd1                │ 806449619032   │ [Not specified]      │
├───────────────────────────┼────────────────────────────────┼────────────────┼──────────────────────┤
│ React-Dragon-Auth-V2      │ react-dragon-auth-v2           │ 137029063519   │ [Not specified]      │
├───────────────────────────┼────────────────────────────────┼────────────────┼──────────────────────┤
│ React-Dragon-News-Auth    │ react-dragon-news-auth-924cc   │ 468739884377   │ [Not specified]      │
├───────────────────────────┼────────────────────────────────┼────────────────┼──────────────────────┤
│ Registration-Consultant   │ registration-consultant        │ 660994175353   │ [Not specified]      │
├───────────────────────────┼────────────────────────────────┼────────────────┼──────────────────────┤
│ ResumeWise                │ resumewise-2m2wz               │ 662650979644   │ [Not specified]      │
├───────────────────────────┼────────────────────────────────┼────────────────┼──────────────────────┤
│ Bliss-Sihat               │ silver-brew                    │ 5610326988     │ [Not specified]      │
├───────────────────────────┼────────────────────────────────┼────────────────┼──────────────────────┤
│ simple-firebase           │ simple-firebase-4e3aa          │ 18447430511    │ [Not specified]      │
├───────────────────────────┼────────────────────────────────┼────────────────┼──────────────────────┤
│ SmartRegistry-BD          │ smartregistry-bd-8f322         │ 679985597      │ [Not specified]      │
├───────────────────────────┼────────────────────────────────┼────────────────┼──────────────────────┤
│ SPORT-KU                  │ sport-ku                       │ 833978771073   │ [Not specified]      │
├───────────────────────────┼────────────────────────────────┼────────────────┼──────────────────────┤
│ StudayMate                │ studaymate-314e1               │ 888036149436   │ [Not specified]      │
├───────────────────────────┼────────────────────────────────┼────────────────┼──────────────────────┤
│ StudyBuddy                │ studybuddy-412e7               │ 895149274209   │ [Not specified]      │
├───────────────────────────┼────────────────────────────────┼────────────────┼──────────────────────┤
│ Tourism-Management-System │ tourism-management-syste-e300e │ 553387409776   │ [Not specified]      │
├───────────────────────────┼────────────────────────────────┼────────────────┼──────────────────────┤
│ Tuition-Lagbe             │ tuition-lagbe                  │ 339315892475   │ [Not specified]      │
├───────────────────────────┼────────────────────────────────┼────────────────┼──────────────────────┤
│ Weather-Farid             │ weather-farid                  │ 311543933832   │ [Not specified]      │
└───────────────────────────┴────────────────────────────────┴────────────────┴──────────────────────┘
[info] 
[info] 50 project(s) total.
[debug] [2026-04-25T16:56:06.483Z] ----------------------------------------------------------------------
[debug] [2026-04-25T16:56:06.492Z] Command:       F:\nodejs\node.exe F:\nodejs\node_modules\firebase-tools\lib\bin\firebase.js deploy --only hosting --project faridcseku
[debug] [2026-04-25T16:56:06.493Z] CLI Version:   15.8.0
[debug] [2026-04-25T16:56:06.494Z] Platform:      win32
[debug] [2026-04-25T16:56:06.494Z] Node Version:  v22.22.0
[debug] [2026-04-25T16:56:06.561Z] Time:          Sat Apr 25 2026 22:56:06 GMT+0600 (Bangladesh Standard Time)
[debug] [2026-04-25T16:56:06.562Z] ----------------------------------------------------------------------
[debug] 
[debug] [2026-04-25T16:56:06.569Z] >>> [apiv2][query] GET https://firebase-public.firebaseio.com/cli.json [none]
[debug] [2026-04-25T16:59:51.864Z] > command requires scopes: ["email","openid","https://www.googleapis.com/auth/cloudplatformprojects.readonly","https://www.googleapis.com/auth/firebase","https://www.googleapis.com/auth/cloud-platform"]
[debug] [2026-04-25T16:59:51.867Z] > authorizing via signed-in user (mdfaridhossenrehad@gmail.com)
[debug] [2026-04-25T16:59:51.868Z] [iam] checking project faridcseku for permissions ["firebase.projects.get","firebasehosting.sites.update"]
[debug] [2026-04-25T16:59:51.870Z] Checked if tokens are valid: true, expires at: 1777139818238
[debug] [2026-04-25T16:59:51.872Z] Checked if tokens are valid: true, expires at: 1777139818238
[debug] [2026-04-25T16:59:51.874Z] >>> [apiv2][query] POST https://cloudresourcemanager.googleapis.com/v1/projects/faridcseku:testIamPermissions [none]
[debug] [2026-04-25T16:59:51.875Z] >>> [apiv2][(partial)header] POST https://cloudresourcemanager.googleapis.com/v1/projects/faridcseku:testIamPermissions  x-goog-user-project=faridcseku
[debug] [2026-04-25T16:59:51.875Z] >>> [apiv2][body] POST https://cloudresourcemanager.googleapis.com/v1/projects/faridcseku:testIamPermissions {"permissions":["firebase.projects.get","firebasehosting.sites.update"]}
[debug] [2026-04-25T16:57:37.326Z] ----------------------------------------------------------------------
[debug] [2026-04-25T16:57:37.336Z] Command:       F:\nodejs\node.exe F:\nodejs\node_modules\firebase-tools\lib\bin\firebase.js deploy --only hosting:faridcseku --project faridcseku --non-interactive
[debug] [2026-04-25T16:57:37.338Z] CLI Version:   15.8.0
[debug] [2026-04-25T16:57:37.338Z] Platform:      win32
[debug] [2026-04-25T16:57:37.338Z] Node Version:  v22.22.0
[debug] [2026-04-25T16:57:37.339Z] Time:          Sat Apr 25 2026 22:57:37 GMT+0600 (Bangladesh Standard Time)
[debug] [2026-04-25T16:57:37.340Z] ----------------------------------------------------------------------
[debug] 
[debug] [2026-04-25T16:59:51.823Z] > command requires scopes: ["email","openid","https://www.googleapis.com/auth/cloudplatformprojects.readonly","https://www.googleapis.com/auth/firebase","https://www.googleapis.com/auth/cloud-platform"]
[debug] [2026-04-25T16:59:51.827Z] > authorizing via signed-in user (mdfaridhossenrehad@gmail.com)
[debug] [2026-04-25T16:59:51.828Z] [iam] checking project faridcseku for permissions ["firebase.projects.get","firebasehosting.sites.update"]
[debug] [2026-04-25T16:59:51.832Z] Checked if tokens are valid: true, expires at: 1777139818238
[debug] [2026-04-25T16:59:51.833Z] Checked if tokens are valid: true, expires at: 1777139818238
[debug] [2026-04-25T16:59:51.856Z] >>> [apiv2][query] POST https://cloudresourcemanager.googleapis.com/v1/projects/faridcseku:testIamPermissions [none]
[debug] [2026-04-25T16:59:51.857Z] >>> [apiv2][(partial)header] POST https://cloudresourcemanager.googleapis.com/v1/projects/faridcseku:testIamPermissions  x-goog-user-project=faridcseku
[debug] [2026-04-25T16:59:51.858Z] >>> [apiv2][body] POST https://cloudresourcemanager.googleapis.com/v1/projects/faridcseku:testIamPermissions {"permissions":["firebase.projects.get","firebasehosting.sites.update"]}
[debug] [2026-04-25T16:59:52.887Z] <<< [apiv2][status] GET https://firebase-public.firebaseio.com/cli.json 200
[debug] [2026-04-25T16:59:52.892Z] <<< [apiv2][body] GET https://firebase-public.firebaseio.com/cli.json {"cloudBuildErrorAfter":1594252800000,"cloudBuildWarnAfter":1590019200000,"defaultNode10After":1594252800000,"minVersion":"3.0.5","node8DeploysDisabledAfter":1613390400000,"node8RuntimeDisabledAfter":1615809600000,"node8WarnAfter":1600128000000}
[debug] [2026-04-25T16:59:52.948Z] Error: EPIPE: broken pipe, write
    at Socket._write (node:internal/net:63:18)
    at writeOrBuffer (node:internal/streams/writable:572:12)
    at _write (node:internal/streams/writable:501:10)
    at Writable.write (node:internal/streams/writable:510:10)
    at Console.log (D:\src\nvm\v22.22.0\node_modules\firebase-tools\node_modules\winston\lib\winston\transports\console.js:87:23)
    at Console._write (D:\src\nvm\v22.22.0\node_modules\firebase-tools\node_modules\winston-transport\modern.js:103:17)
    at doWrite (D:\src\nvm\v22.22.0\node_modules\firebase-tools\node_modules\winston-transport\node_modules\readable-stream\lib\_stream_writable.js:390:139)
    at writeOrBuffer (D:\src\nvm\v22.22.0\node_modules\firebase-tools\node_modules\winston-transport\node_modules\readable-stream\lib\_stream_writable.js:381:5)
    at Writable.write (D:\src\nvm\v22.22.0\node_modules\firebase-tools\node_modules\winston-transport\node_modules\readable-stream\lib\_stream_writable.js:302:11)
    at DerivedLogger.ondata (D:\src\nvm\v22.22.0\node_modules\firebase-tools\node_modules\winston\node_modules\readable-stream\lib\_stream_readable.js:629:20)
[error] 
[error] Error: An unexpected error has occurred.
[debug] [2026-04-25T16:59:52.952Z] Error: EPIPE: broken pipe, write
    at Socket._write (node:internal/net:63:18)
    at writeOrBuffer (node:internal/streams/writable:572:12)
    at _write (node:internal/streams/writable:501:10)
    at Writable.write (node:internal/streams/writable:510:10)
    at Console.log (D:\src\nvm\v22.22.0\node_modules\firebase-tools\node_modules\winston\lib\winston\transports\console.js:87:23)
    at Console._write (D:\src\nvm\v22.22.0\node_modules\firebase-tools\node_modules\winston-transport\modern.js:103:17)
    at doWrite (D:\src\nvm\v22.22.0\node_modules\firebase-tools\node_modules\winston-transport\node_modules\readable-stream\lib\_stream_writable.js:390:139)
    at writeOrBuffer (D:\src\nvm\v22.22.0\node_modules\firebase-tools\node_modules\winston-transport\node_modules\readable-stream\lib\_stream_writable.js:381:5)
    at Writable.write (D:\src\nvm\v22.22.0\node_modules\firebase-tools\node_modules\winston-transport\node_modules\readable-stream\lib\_stream_writable.js:302:11)
    at DerivedLogger.ondata (D:\src\nvm\v22.22.0\node_modules\firebase-tools\node_modules\winston\node_modules\readable-stream\lib\_stream_readable.js:629:20)
[error] 
[error] Error: An unexpected error has occurred.
[debug] [2026-04-25T16:59:52.953Z] Error: EPIPE: broken pipe, write
    at Socket._write (node:internal/net:63:18)
    at writeOrBuffer (node:internal/streams/writable:572:12)
    at _write (node:internal/streams/writable:501:10)
    at Writable.write (node:internal/streams/writable:510:10)
    at Console.log (D:\src\nvm\v22.22.0\node_modules\firebase-tools\node_modules\winston\lib\winston\transports\console.js:87:23)
    at Console._write (D:\src\nvm\v22.22.0\node_modules\firebase-tools\node_modules\winston-transport\modern.js:103:17)
    at doWrite (D:\src\nvm\v22.22.0\node_modules\firebase-tools\node_modules\winston-transport\node_modules\readable-stream\lib\_stream_writable.js:390:139)
    at writeOrBuffer (D:\src\nvm\v22.22.0\node_modules\firebase-tools\node_modules\winston-transport\node_modules\readable-stream\lib\_stream_writable.js:381:5)
    at Writable.write (D:\src\nvm\v22.22.0\node_modules\firebase-tools\node_modules\winston-transport\node_modules\readable-stream\lib\_stream_writable.js:302:11)
    at DerivedLogger.ondata (D:\src\nvm\v22.22.0\node_modules\firebase-tools\node_modules\winston\node_modules\readable-stream\lib\_stream_readable.js:629:20)
[error] 
[error] Error: An unexpected error has occurred.
[debug] [2026-04-25T16:59:52.955Z] Error: EPIPE: broken pipe, write
    at Socket._write (node:internal/net:63:18)
    at writeOrBuffer (node:internal/streams/writable:572:12)
    at _write (node:internal/streams/writable:501:10)
    at Writable.write (node:internal/streams/writable:510:10)
    at Console.log (D:\src\nvm\v22.22.0\node_modules\firebase-tools\node_modules\winston\lib\winston\transports\console.js:87:23)
    at Console._write (D:\src\nvm\v22.22.0\node_modules\firebase-tools\node_modules\winston-transport\modern.js:103:17)
    at doWrite (D:\src\nvm\v22.22.0\node_modules\firebase-tools\node_modules\winston-transport\node_modules\readable-stream\lib\_stream_writable.js:390:139)
    at writeOrBuffer (D:\src\nvm\v22.22.0\node_modules\firebase-tools\node_modules\winston-transport\node_modules\readable-stream\lib\_stream_writable.js:381:5)
    at Writable.write (D:\src\nvm\v22.22.0\node_modules\firebase-tools\node_modules\winston-transport\node_modules\readable-stream\lib\_stream_writable.js:302:11)
    at DerivedLogger.ondata (D:\src\nvm\v22.22.0\node_modules\firebase-tools\node_modules\winston\node_modules\readable-stream\lib\_stream_readable.js:629:20)
[error] 
[error] Error: An unexpected error has occurred.
[debug] [2026-04-25T16:59:52.958Z] Error: EPIPE: broken pipe, write
    at Socket._write (node:internal/net:63:18)
    at writeOrBuffer (node:internal/streams/writable:572:12)
    at _write (node:internal/streams/writable:501:10)
    at Writable.write (node:internal/streams/writable:510:10)
    at Console.log (D:\src\nvm\v22.22.0\node_modules\firebase-tools\node_modules\winston\lib\winston\transports\console.js:87:23)
    at Console._write (D:\src\nvm\v22.22.0\node_modules\firebase-tools\node_modules\winston-transport\modern.js:103:17)
    at doWrite (D:\src\nvm\v22.22.0\node_modules\firebase-tools\node_modules\winston-transport\node_modules\readable-stream\lib\_stream_writable.js:390:139)
    at writeOrBuffer (D:\src\nvm\v22.22.0\node_modules\firebase-tools\node_modules\winston-transport\node_modules\readable-stream\lib\_stream_writable.js:381:5)
    at Writable.write (D:\src\nvm\v22.22.0\node_modules\firebase-tools\node_modules\winston-transport\node_modules\readable-stream\lib\_stream_writable.js:302:11)
    at DerivedLogger.ondata (D:\src\nvm\v22.22.0\node_modules\firebase-tools\node_modules\winston\node_modules\readable-stream\lib\_stream_readable.js:629:20)
[error] 
[error] Error: An unexpected error has occurred.
[debug] [2026-04-25T16:59:52.962Z] Error: EPIPE: broken pipe, write
    at Socket._write (node:internal/net:63:18)
    at writeOrBuffer (node:internal/streams/writable:572:12)
    at _write (node:internal/streams/writable:501:10)
    at Writable.write (node:internal/streams/writable:510:10)
    at Console.log (D:\src\nvm\v22.22.0\node_modules\firebase-tools\node_modules\winston\lib\winston\transports\console.js:87:23)
    at Console._write (D:\src\nvm\v22.22.0\node_modules\firebase-tools\node_modules\winston-transport\modern.js:103:17)
    at doWrite (D:\src\nvm\v22.22.0\node_modules\firebase-tools\node_modules\winston-transport\node_modules\readable-stream\lib\_stream_writable.js:390:139)
    at writeOrBuffer (D:\src\nvm\v22.22.0\node_modules\firebase-tools\node_modules\winston-transport\node_modules\readable-stream\lib\_stream_writable.js:381:5)
    at Writable.write (D:\src\nvm\v22.22.0\node_modules\firebase-tools\node_modules\winston-transport\node_modules\readable-stream\lib\_stream_writable.js:302:11)
    at DerivedLogger.ondata (D:\src\nvm\v22.22.0\node_modules\firebase-tools\node_modules\winston\node_modules\readable-stream\lib\_stream_readable.js:629:20)
[error] 
[error] Error: An unexpected error has occurred.
[debug] [2026-04-25T16:59:52.965Z] Error: EPIPE: broken pipe, write
    at Socket._write (node:internal/net:63:18)
    at writeOrBuffer (node:internal/streams/writable:572:12)
    at _write (node:internal/streams/writable:501:10)
    at Writable.write (node:internal/streams/writable:510:10)
    at Console.log (D:\src\nvm\v22.22.0\node_modules\firebase-tools\node_modules\winston\lib\winston\transports\console.js:87:23)
    at Console._write (D:\src\nvm\v22.22.0\node_modules\firebase-tools\node_modules\winston-transport\modern.js:103:17)
    at doWrite (D:\src\nvm\v22.22.0\node_modules\firebase-tools\node_modules\winston-transport\node_modules\readable-stream\lib\_stream_writable.js:390:139)
    at writeOrBuffer (D:\src\nvm\v22.22.0\node_modules\firebase-tools\node_modules\winston-transport\node_modules\readable-stream\lib\_stream_writable.js:381:5)
    at Writable.write (D:\src\nvm\v22.22.0\node_modules\firebase-tools\node_modules\winston-transport\node_modules\readable-stream\lib\_stream_writable.js:302:11)
    at DerivedLogger.ondata (D:\src\nvm\v22.22.0\node_modules\firebase-tools\node_modules\winston\node_modules\readable-stream\lib\_stream_readable.js:629:20)
[error] 
[error] Error: An unexpected error has occurred.
[debug] [2026-04-25T16:59:52.967Z] Error: EPIPE: broken pipe, write
    at Socket._write (node:internal/net:63:18)
    at writeOrBuffer (node:internal/streams/writable:572:12)
    at _write (node:internal/streams/writable:501:10)
    at Writable.write (node:internal/streams/writable:510:10)
    at Console.log (D:\src\nvm\v22.22.0\node_modules\firebase-tools\node_modules\winston\lib\winston\transports\console.js:87:23)
    at Console._write (D:\src\nvm\v22.22.0\node_modules\firebase-tools\node_modules\winston-transport\modern.js:103:17)
    at doWrite (D:\src\nvm\v22.22.0\node_modules\firebase-tools\node_modules\winston-transport\node_modules\readable-stream\lib\_stream_writable.js:390:139)
    at writeOrBuffer (D:\src\nvm\v22.22.0\node_modules\firebase-tools\node_modules\winston-transport\node_modules\readable-stream\lib\_stream_writable.js:381:5)
    at Writable.write (D:\src\nvm\v22.22.0\node_modules\firebase-tools\node_modules\winston-transport\node_modules\readable-stream\lib\_stream_writable.js:302:11)
    at DerivedLogger.ondata (D:\src\nvm\v22.22.0\node_modules\firebase-tools\node_modules\winston\node_modules\readable-stream\lib\_stream_readable.js:629:20)
[error] 
[error] Error: An unexpected error has occurred.
[debug] [2026-04-25T16:59:52.969Z] Error: EPIPE: broken pipe, write
    at Socket._write (node:internal/net:63:18)
    at writeOrBuffer (node:internal/streams/writable:572:12)
    at _write (node:internal/streams/writable:501:10)
    at Writable.write (node:internal/streams/writable:510:10)
    at Console.log (D:\src\nvm\v22.22.0\node_modules\firebase-tools\node_modules\winston\lib\winston\transports\console.js:87:23)
    at Console._write (D:\src\nvm\v22.22.0\node_modules\firebase-tools\node_modules\winston-transport\modern.js:103:17)
    at doWrite (D:\src\nvm\v22.22.0\node_modules\firebase-tools\node_modules\winston-transport\node_modules\readable-stream\lib\_stream_writable.js:390:139)
    at writeOrBuffer (D:\src\nvm\v22.22.0\node_modules\firebase-tools\node_modules\winston-transport\node_modules\readable-stream\lib\_stream_writable.js:381:5)
    at Writable.write (D:\src\nvm\v22.22.0\node_modules\firebase-tools\node_modules\winston-transport\node_modules\readable-stream\lib\_stream_writable.js:302:11)
    at DerivedLogger.ondata (D:\src\nvm\v22.22.0\node_modules\firebase-tools\node_modules\winston\node_modules\readable-stream\lib\_stream_readable.js:629:20)
[error] 
[error] Error: An unexpected error has occurred.
[debug] [2026-04-25T16:59:52.971Z] Error: EPIPE: broken pipe, write
    at Socket._write (node:internal/net:63:18)
    at writeOrBuffer (node:internal/streams/writable:572:12)
    at _write (node:internal/streams/writable:501:10)
    at Writable.write (node:internal/streams/writable:510:10)
    at Console.log (D:\src\nvm\v22.22.0\node_modules\firebase-tools\node_modules\winston\lib\winston\transports\console.js:87:23)
    at Console._write (D:\src\nvm\v22.22.0\node_modules\firebase-tools\node_modules\winston-transport\modern.js:103:17)
    at doWrite (D:\src\nvm\v22.22.0\node_modules\firebase-tools\node_modules\winston-transport\node_modules\readable-stream\lib\_stream_writable.js:390:139)
    at writeOrBuffer (D:\src\nvm\v22.22.0\node_modules\firebase-tools\node_modules\winston-transport\node_modules\readable-stream\lib\_stream_writable.js:381:5)
    at Writable.write (D:\src\nvm\v22.22.0\node_modules\firebase-tools\node_modules\winston-transport\node_modules\readable-stream\lib\_stream_writable.js:302:11)
    at DerivedLogger.ondata (D:\src\nvm\v22.22.0\node_modules\firebase-tools\node_modules\winston\node_modules\readable-stream\lib\_stream_readable.js:629:20)
[error] 
[error] Error: An unexpected error has occurred.
[debug] [2026-04-25T16:59:52.972Z] Error: EPIPE: broken pipe, write
    at Socket._write (node:internal/net:63:18)
    at writeOrBuffer (node:internal/streams/writable:572:12)
    at _write (node:internal/streams/writable:501:10)
    at Writable.write (node:internal/streams/writable:510:10)
    at Console.log (D:\src\nvm\v22.22.0\node_modules\firebase-tools\node_modules\winston\lib\winston\transports\console.js:87:23)
    at Console._write (D:\src\nvm\v22.22.0\node_modules\firebase-tools\node_modules\winston-transport\modern.js:103:17)
    at doWrite (D:\src\nvm\v22.22.0\node_modules\firebase-tools\node_modules\winston-transport\node_modules\readable-stream\lib\_stream_writable.js:390:139)
    at writeOrBuffer (D:\src\nvm\v22.22.0\node_modules\firebase-tools\node_modules\winston-transport\node_modules\readable-stream\lib\_stream_writable.js:381:5)
    at Writable.write (D:\src\nvm\v22.22.0\node_modules\firebase-tools\node_modules\winston-transport\node_modules\readable-stream\lib\_stream_writable.js:302:11)
    at DerivedLogger.ondata (D:\src\nvm\v22.22.0\node_modules\firebase-tools\node_modules\winston\node_modules\readable-stream\lib\_stream_readable.js:629:20)
[error] 
[error] Error: An unexpected error has occurred.
[debug] [2026-04-25T16:59:52.974Z] Error: EPIPE: broken pipe, write
    at Socket._write (node:internal/net:63:18)
    at writeOrBuffer (node:internal/streams/writable:572:12)
    at _write (node:internal/streams/writable:501:10)
    at Writable.write (node:internal/streams/writable:510:10)
    at Console.log (D:\src\nvm\v22.22.0\node_modules\firebase-tools\node_modules\winston\lib\winston\transports\console.js:87:23)
    at Console._write (D:\src\nvm\v22.22.0\node_modules\firebase-tools\node_modules\winston-transport\modern.js:103:17)
    at doWrite (D:\src\nvm\v22.22.0\node_modules\firebase-tools\node_modules\winston-transport\node_modules\readable-stream\lib\_stream_writable.js:390:139)
    at writeOrBuffer (D:\src\nvm\v22.22.0\node_modules\firebase-tools\node_modules\winston-transport\node_modules\readable-stream\lib\_stream_writable.js:381:5)
    at Writable.write (D:\src\nvm\v22.22.0\node_modules\firebase-tools\node_modules\winston-transport\node_modules\readable-stream\lib\_stream_writable.js:302:11)
    at DerivedLogger.ondata (D:\src\nvm\v22.22.0\node_modules\firebase-tools\node_modules\winston\node_modules\readable-stream\lib\_stream_readable.js:629:20)
[error] 
[error] Error: An unexpected error has occurred.
[debug] [2026-04-25T16:59:52.977Z] Error: EPIPE: broken pipe, write
    at Socket._write (node:internal/net:63:18)
    at writeOrBuffer (node:internal/streams/writable:572:12)
    at _write (node:internal/streams/writable:501:10)
    at Writable.write (node:internal/streams/writable:510:10)
    at Console.log (D:\src\nvm\v22.22.0\node_modules\firebase-tools\node_modules\winston\lib\winston\transports\console.js:87:23)
    at Console._write (D:\src\nvm\v22.22.0\node_modules\firebase-tools\node_modules\winston-transport\modern.js:103:17)
    at doWrite (D:\src\nvm\v22.22.0\node_modules\firebase-tools\node_modules\winston-transport\node_modules\readable-stream\lib\_stream_writable.js:390:139)
    at writeOrBuffer (D:\src\nvm\v22.22.0\node_modules\firebase-tools\node_modules\winston-transport\node_modules\readable-stream\lib\_stream_writable.js:381:5)
    at Writable.write (D:\src\nvm\v22.22.0\node_modules\firebase-tools\node_modules\winston-transport\node_modules\readable-stream\lib\_stream_writable.js:302:11)
    at DerivedLogger.ondata (D:\src\nvm\v22.22.0\node_modules\firebase-tools\node_modules\winston\node_modules\readable-stream\lib\_stream_readable.js:629:20)
[error] 
[error] Error: An unexpected error has occurred.
[debug] [2026-04-25T16:59:52.980Z] Error: EPIPE: broken pipe, write
    at Socket._write (node:internal/net:63:18)
    at writeOrBuffer (node:internal/streams/writable:572:12)
    at _write (node:internal/streams/writable:501:10)
    at Writable.write (node:internal/streams/writable:510:10)
    at Console.log (D:\src\nvm\v22.22.0\node_modules\firebase-tools\node_modules\winston\lib\winston\transports\console.js:87:23)
    at Console._write (D:\src\nvm\v22.22.0\node_modules\firebase-tools\node_modules\winston-transport\modern.js:103:17)
    at doWrite (D:\src\nvm\v22.22.0\node_modules\firebase-tools\node_modules\winston-transport\node_modules\readable-stream\lib\_stream_writable.js:390:139)
    at writeOrBuffer (D:\src\nvm\v22.22.0\node_modules\firebase-tools\node_modules\winston-transport\node_modules\readable-stream\lib\_stream_writable.js:381:5)
    at Writable.write (D:\src\nvm\v22.22.0\node_modules\firebase-tools\node_modules\winston-transport\node_modules\readable-stream\lib\_stream_writable.js:302:11)
    at DerivedLogger.ondata (D:\src\nvm\v22.22.0\node_modules\firebase-tools\node_modules\winston\node_modules\readable-stream\lib\_stream_readable.js:629:20)
[error] 
[error] Error: An unexpected error has occurred.
[debug] [2026-04-25T16:59:52.981Z] Error: EPIPE: broken pipe, write
    at Socket._write (node:internal/net:63:18)
    at writeOrBuffer (node:internal/streams/writable:572:12)
    at _write (node:internal/streams/writable:501:10)
    at Writable.write (node:internal/streams/writable:510:10)
    at Console.log (D:\src\nvm\v22.22.0\node_modules\firebase-tools\node_modules\winston\lib\winston\transports\console.js:87:23)
    at Console._write (D:\src\nvm\v22.22.0\node_modules\firebase-tools\node_modules\winston-transport\modern.js:103:17)
    at doWrite (D:\src\nvm\v22.22.0\node_modules\firebase-tools\node_modules\winston-transport\node_modules\readable-stream\lib\_stream_writable.js:390:139)
    at writeOrBuffer (D:\src\nvm\v22.22.0\node_modules\firebase-tools\node_modules\winston-transport\node_modules\readable-stream\lib\_stream_writable.js:381:5)
    at Writable.write (D:\src\nvm\v22.22.0\node_modules\firebase-tools\node_modules\winston-transport\node_modules\readable-stream\lib\_stream_writable.js:302:11)
    at DerivedLogger.ondata (D:\src\nvm\v22.22.0\node_modules\firebase-tools\node_modules\winston\node_modules\readable-stream\lib\_stream_readable.js:629:20)
[error] 
[error] Error: An unexpected error has occurred.
[debug] [2026-04-25T16:59:52.983Z] Error: EPIPE: broken pipe, write
    at Socket._write (node:internal/net:63:18)
    at writeOrBuffer (node:internal/streams/writable:572:12)
    at _write (node:internal/streams/writable:501:10)
    at Writable.write (node:internal/streams/writable:510:10)
    at Console.log (D:\src\nvm\v22.22.0\node_modules\firebase-tools\node_modules\winston\lib\winston\transports\console.js:87:23)
    at Console._write (D:\src\nvm\v22.22.0\node_modules\firebase-tools\node_modules\winston-transport\modern.js:103:17)
    at doWrite (D:\src\nvm\v22.22.0\node_modules\firebase-tools\node_modules\winston-transport\node_modules\readable-stream\lib\_stream_writable.js:390:139)
    at writeOrBuffer (D:\src\nvm\v22.22.0\node_modules\firebase-tools\node_modules\winston-transport\node_modules\readable-stream\lib\_stream_writable.js:381:5)
    at Writable.write (D:\src\nvm\v22.22.0\node_modules\firebase-tools\node_modules\winston-transport\node_modules\readable-stream\lib\_stream_writable.js:302:11)
    at DerivedLogger.ondata (D:\src\nvm\v22.22.0\node_modules\firebase-tools\node_modules\winston\node_modules\readable-stream\lib\_stream_readable.js:629:20)
[error] 
[error] Error: An unexpected error has occurred.
[debug] [2026-04-25T16:59:52.984Z] Error: EPIPE: broken pipe, write
    at Socket._write (node:internal/net:63:18)
    at writeOrBuffer (node:internal/streams/writable:572:12)
    at _write (node:internal/streams/writable:501:10)
    at Writable.write (node:internal/streams/writable:510:10)
    at Console.log (D:\src\nvm\v22.22.0\node_modules\firebase-tools\node_modules\winston\lib\winston\transports\console.js:87:23)
    at Console._write (D:\src\nvm\v22.22.0\node_modules\firebase-tools\node_modules\winston-transport\modern.js:103:17)
    at doWrite (D:\src\nvm\v22.22.0\node_modules\firebase-tools\node_modules\winston-transport\node_modules\readable-stream\lib\_stream_writable.js:390:139)
    at writeOrBuffer (D:\src\nvm\v22.22.0\node_modules\firebase-tools\node_modules\winston-transport\node_modules\readable-stream\lib\_stream_writable.js:381:5)
    at Writable.write (D:\src\nvm\v22.22.0\node_modules\firebase-tools\node_modules\winston-transport\node_modules\readable-stream\lib\_stream_writable.js:302:11)
    at DerivedLogger.ondata (D:\src\nvm\v22.22.0\node_modules\firebase-tools\node_modules\winston\node_modules\readable-stream\lib\_stream_readable.js:629:20)
[error] 
[error] Error: An unexpected error has occurred.
[debug] [2026-04-25T16:59:52.986Z] Error: EPIPE: broken pipe, write
    at Socket._write (node:internal/net:63:18)
    at writeOrBuffer (node:internal/streams/writable:572:12)
    at _write (node:internal/streams/writable:501:10)
    at Writable.write (node:internal/streams/writable:510:10)
    at Console.log (D:\src\nvm\v22.22.0\node_modules\firebase-tools\node_modules\winston\lib\winston\transports\console.js:87:23)
    at Console._write (D:\src\nvm\v22.22.0\node_modules\firebase-tools\node_modules\winston-transport\modern.js:103:17)
    at doWrite (D:\src\nvm\v22.22.0\node_modules\firebase-tools\node_modules\winston-transport\node_modules\readable-stream\lib\_stream_writable.js:390:139)
    at writeOrBuffer (D:\src\nvm\v22.22.0\node_modules\firebase-tools\node_modules\winston-transport\node_modules\readable-stream\lib\_stream_writable.js:381:5)
    at Writable.write (D:\src\nvm\v22.22.0\node_modules\firebase-tools\node_modules\winston-transport\node_modules\readable-stream\lib\_stream_writable.js:302:11)
    at DerivedLogger.ondata (D:\src\nvm\v22.22.0\node_modules\firebase-tools\node_modules\winston\node_modules\readable-stream\lib\_stream_readable.js:629:20)
[error] 
[error] Error: An unexpected error has occurred.
[debug] [2026-04-25T16:59:52.987Z] Error: EPIPE: broken pipe, write
    at Socket._write (node:internal/net:63:18)
    at writeOrBuffer (node:internal/streams/writable:572:12)
    at _write (node:internal/streams/writable:501:10)
    at Writable.write (node:internal/streams/writable:510:10)
    at Console.log (D:\src\nvm\v22.22.0\node_modules\firebase-tools\node_modules\winston\lib\winston\transports\console.js:87:23)
    at Console._write (D:\src\nvm\v22.22.0\node_modules\firebase-tools\node_modules\winston-transport\modern.js:103:17)
    at doWrite (D:\src\nvm\v22.22.0\node_modules\firebase-tools\node_modules\winston-transport\node_modules\readable-stream\lib\_stream_writable.js:390:139)
    at writeOrBuffer (D:\src\nvm\v22.22.0\node_modules\firebase-tools\node_modules\winston-transport\node_modules\readable-stream\lib\_stream_writable.js:381:5)
    at Writable.write (D:\src\nvm\v22.22.0\node_modules\firebase-tools\node_modules\winston-transport\node_modules\readable-stream\lib\_stream_writable.js:302:11)
    at DerivedLogger.ondata (D:\src\nvm\v22.22.0\node_modules\firebase-tools\node_modules\winston\node_modules\readable-stream\lib\_stream_readable.js:629:20)
[error] 
[error] Error: An unexpected error has occurred.
[debug] [2026-04-25T16:59:52.988Z] Error: EPIPE: broken pipe, write
    at Socket._write (node:internal/net:63:18)
    at writeOrBuffer (node:internal/streams/writable:572:12)
    at _write (node:internal/streams/writable:501:10)
    at Writable.write (node:internal/streams/writable:510:10)
    at Console.log (D:\src\nvm\v22.22.0\node_modules\firebase-tools\node_modules\winston\lib\winston\transports\console.js:87:23)
    at Console._write (D:\src\nvm\v22.22.0\node_modules\firebase-tools\node_modules\winston-transport\modern.js:103:17)
    at doWrite (D:\src\nvm\v22.22.0\node_modules\firebase-tools\node_modules\winston-transport\node_modules\readable-stream\lib\_stream_writable.js:390:139)
    at writeOrBuffer (D:\src\nvm\v22.22.0\node_modules\firebase-tools\node_modules\winston-transport\node_modules\readable-stream\lib\_stream_writable.js:381:5)
    at Writable.write (D:\src\nvm\v22.22.0\node_modules\firebase-tools\node_modules\winston-transport\node_modules\readable-stream\lib\_stream_writable.js:302:11)
    at DerivedLogger.ondata (D:\src\nvm\v22.22.0\node_modules\firebase-tools\node_modules\winston\node_modules\readable-stream\lib\_stream_readable.js:629:20)
[error] 
[error] Error: An unexpected error has occurred.
[debug] [2026-04-25T16:59:52.989Z] Error: EPIPE: broken pipe, write
    at Socket._write (node:internal/net:63:18)
    at writeOrBuffer (node:internal/streams/writable:572:12)
    at _write (node:internal/streams/writable:501:10)
    at Writable.write (node:internal/streams/writable:510:10)
    at Console.log (D:\src\nvm\v22.22.0\node_modules\firebase-tools\node_modules\winston\lib\winston\transports\console.js:87:23)
    at Console._write (D:\src\nvm\v22.22.0\node_modules\firebase-tools\node_modules\winston-transport\modern.js:103:17)
    at doWrite (D:\src\nvm\v22.22.0\node_modules\firebase-tools\node_modules\winston-transport\node_modules\readable-stream\lib\_stream_writable.js:390:139)
    at writeOrBuffer (D:\src\nvm\v22.22.0\node_modules\firebase-tools\node_modules\winston-transport\node_modules\readable-stream\lib\_stream_writable.js:381:5)
    at Writable.write (D:\src\nvm\v22.22.0\node_modules\firebase-tools\node_modules\winston-transport\node_modules\readable-stream\lib\_stream_writable.js:302:11)
    at DerivedLogger.ondata (D:\src\nvm\v22.22.0\node_modules\firebase-tools\node_modules\winston\node_modules\readable-stream\lib\_stream_readable.js:629:20)
[error] 
[error] Error: An unexpected error has occurred.
[debug] [2026-04-25T16:59:52.990Z] Error: EPIPE: broken pipe, write
    at Socket._write (node:internal/net:63:18)
    at writeOrBuffer (node:internal/streams/writable:572:12)
    at _write (node:internal/streams/writable:501:10)
    at Writable.write (node:internal/streams/writable:510:10)
    at Console.log (D:\src\nvm\v22.22.0\node_modules\firebase-tools\node_modules\winston\lib\winston\transports\console.js:87:23)
    at Console._write (D:\src\nvm\v22.22.0\node_modules\firebase-tools\node_modules\winston-transport\modern.js:103:17)
    at doWrite (D:\src\nvm\v22.22.0\node_modules\firebase-tools\node_modules\winston-transport\node_modules\readable-stream\lib\_stream_writable.js:390:139)
    at writeOrBuffer (D:\src\nvm\v22.22.0\node_modules\firebase-tools\node_modules\winston-transport\node_modules\readable-stream\lib\_stream_writable.js:381:5)
    at Writable.write (D:\src\nvm\v22.22.0\node_modules\firebase-tools\node_modules\winston-transport\node_modules\readable-stream\lib\_stream_writable.js:302:11)
    at DerivedLogger.ondata (D:\src\nvm\v22.22.0\node_modules\firebase-tools\node_modules\winston\node_modules\readable-stream\lib\_stream_readable.js:629:20)
[error] 
[error] Error: An unexpected error has occurred.
[debug] [2026-04-25T16:59:52.994Z] Error: EPIPE: broken pipe, write
    at Socket._write (node:internal/net:63:18)
    at writeOrBuffer (node:internal/streams/writable:572:12)
    at _write (node:internal/streams/writable:501:10)
    at Writable.write (node:internal/streams/writable:510:10)
    at Console.log (D:\src\nvm\v22.22.0\node_modules\firebase-tools\node_modules\winston\lib\winston\transports\console.js:87:23)
    at Console._write (D:\src\nvm\v22.22.0\node_modules\firebase-tools\node_modules\winston-transport\modern.js:103:17)
    at doWrite (D:\src\nvm\v22.22.0\node_modules\firebase-tools\node_modules\winston-transport\node_modules\readable-stream\lib\_stream_writable.js:390:139)
    at writeOrBuffer (D:\src\nvm\v22.22.0\node_modules\firebase-tools\node_modules\winston-transport\node_modules\readable-stream\lib\_stream_writable.js:381:5)
    at Writable.write (D:\src\nvm\v22.22.0\node_modules\firebase-tools\node_modules\winston-transport\node_modules\readable-stream\lib\_stream_writable.js:302:11)
    at DerivedLogger.ondata (D:\src\nvm\v22.22.0\node_modules\firebase-tools\node_modules\winston\node_modules\readable-stream\lib\_stream_readable.js:629:20)
[error] 
[error] Error: An unexpected error has occurred.
[debug] [2026-04-25T16:59:52.996Z] Error: EPIPE: broken pipe, write
    at Socket._write (node:internal/net:63:18)
    at writeOrBuffer (node:internal/streams/writable:572:12)
    at _write (node:internal/streams/writable:501:10)
    at Writable.write (node:internal/streams/writable:510:10)
    at Console.log (D:\src\nvm\v22.22.0\node_modules\firebase-tools\node_modules\winston\lib\winston\transports\console.js:87:23)
    at Console._write (D:\src\nvm\v22.22.0\node_modules\firebase-tools\node_modules\winston-transport\modern.js:103:17)
    at doWrite (D:\src\nvm\v22.22.0\node_modules\firebase-tools\node_modules\winston-transport\node_modules\readable-stream\lib\_stream_writable.js:390:139)
    at writeOrBuffer (D:\src\nvm\v22.22.0\node_modules\firebase-tools\node_modules\winston-transport\node_modules\readable-stream\lib\_stream_writable.js:381:5)
    at Writable.write (D:\src\nvm\v22.22.0\node_modules\firebase-tools\node_modules\winston-transport\node_modules\readable-stream\lib\_stream_writable.js:302:11)
    at DerivedLogger.ondata (D:\src\nvm\v22.22.0\node_modules\firebase-tools\node_modules\winston\node_modules\readable-stream\lib\_stream_readable.js:629:20)
[error] 
[error] Error: An unexpected error has occurred.
[debug] [2026-04-25T16:59:52.997Z] Error: EPIPE: broken pipe, write
    at Socket._write (node:internal/net:63:18)
    at writeOrBuffer (node:internal/streams/writable:572:12)
    at _write (node:internal/streams/writable:501:10)
    at Writable.write (node:internal/streams/writable:510:10)
    at Console.log (D:\src\nvm\v22.22.0\node_modules\firebase-tools\node_modules\winston\lib\winston\transports\console.js:87:23)
    at Console._write (D:\src\nvm\v22.22.0\node_modules\firebase-tools\node_modules\winston-transport\modern.js:103:17)
    at doWrite (D:\src\nvm\v22.22.0\node_modules\firebase-tools\node_modules\winston-transport\node_modules\readable-stream\lib\_stream_writable.js:390:139)
    at writeOrBuffer (D:\src\nvm\v22.22.0\node_modules\firebase-tools\node_modules\winston-transport\node_modules\readable-stream\lib\_stream_writable.js:381:5)
    at Writable.write (D:\src\nvm\v22.22.0\node_modules\firebase-tools\node_modules\winston-transport\node_modules\readable-stream\lib\_stream_writable.js:302:11)
    at DerivedLogger.ondata (D:\src\nvm\v22.22.0\node_modules\firebase-tools\node_modules\winston\node_modules\readable-stream\lib\_stream_readable.js:629:20)
[error] 
[error] Error: An unexpected error has occurred.
[debug] [2026-04-25T16:59:52.998Z] Error: EPIPE: broken pipe, write
    at Socket._write (node:internal/net:63:18)
    at writeOrBuffer (node:internal/streams/writable:572:12)
    at _write (node:internal/streams/writable:501:10)
    at Writable.write (node:internal/streams/writable:510:10)
    at Console.log (D:\src\nvm\v22.22.0\node_modules\firebase-tools\node_modules\winston\lib\winston\transports\console.js:87:23)
    at Console._write (D:\src\nvm\v22.22.0\node_modules\firebase-tools\node_modules\winston-transport\modern.js:103:17)
    at doWrite (D:\src\nvm\v22.22.0\node_modules\firebase-tools\node_modules\winston-transport\node_modules\readable-stream\lib\_stream_writable.js:390:139)
    at writeOrBuffer (D:\src\nvm\v22.22.0\node_modules\firebase-tools\node_modules\winston-transport\node_modules\readable-stream\lib\_stream_writable.js:381:5)
    at Writable.write (D:\src\nvm\v22.22.0\node_modules\firebase-tools\node_modules\winston-transport\node_modules\readable-stream\lib\_stream_writable.js:302:11)
    at DerivedLogger.ondata (D:\src\nvm\v22.22.0\node_modules\firebase-tools\node_modules\winston\node_modules\readable-stream\lib\_stream_readable.js:629:20)
[error] 
[error] Error: An unexpected error has occurred.
[debug] [2026-04-25T16:59:52.999Z] Error: EPIPE: broken pipe, write
    at Socket._write (node:internal/net:63:18)
    at writeOrBuffer (node:internal/streams/writable:572:12)
    at _write (node:internal/streams/writable:501:10)
    at Writable.write (node:internal/streams/writable:510:10)
    at Console.log (D:\src\nvm\v22.22.0\node_modules\firebase-tools\node_modules\winston\lib\winston\transports\console.js:87:23)
    at Console._write (D:\src\nvm\v22.22.0\node_modules\firebase-tools\node_modules\winston-transport\modern.js:103:17)
    at doWrite (D:\src\nvm\v22.22.0\node_modules\firebase-tools\node_modules\winston-transport\node_modules\readable-stream\lib\_stream_writable.js:390:139)
    at writeOrBuffer (D:\src\nvm\v22.22.0\node_modules\firebase-tools\node_modules\winston-transport\node_modules\readable-stream\lib\_stream_writable.js:381:5)
    at Writable.write (D:\src\nvm\v22.22.0\node_modules\firebase-tools\node_modules\winston-transport\node_modules\readable-stream\lib\_stream_writable.js:302:11)
    at DerivedLogger.ondata (D:\src\nvm\v22.22.0\node_modules\firebase-tools\node_modules\winston\node_modules\readable-stream\lib\_stream_readable.js:629:20)
[error] 
[error] Error: An unexpected error has occurred.
[debug] [2026-04-25T16:59:53.001Z] Error: EPIPE: broken pipe, write
    at Socket._write (node:internal/net:63:18)
    at writeOrBuffer (node:internal/streams/writable:572:12)
    at _write (node:internal/streams/writable:501:10)
    at Writable.write (node:internal/streams/writable:510:10)
    at Console.log (D:\src\nvm\v22.22.0\node_modules\firebase-tools\node_modules\winston\lib\winston\transports\console.js:87:23)
    at Console._write (D:\src\nvm\v22.22.0\node_modules\firebase-tools\node_modules\winston-transport\modern.js:103:17)
    at doWrite (D:\src\nvm\v22.22.0\node_modules\firebase-tools\node_modules\winston-transport\node_modules\readable-stream\lib\_stream_writable.js:390:139)
    at writeOrBuffer (D:\src\nvm\v22.22.0\node_modules\firebase-tools\node_modules\winston-transport\node_modules\readable-stream\lib\_stream_writable.js:381:5)
    at Writable.write (D:\src\nvm\v22.22.0\node_modules\firebase-tools\node_modules\winston-transport\node_modules\readable-stream\lib\_stream_writable.js:302:11)
    at DerivedLogger.ondata (D:\src\nvm\v22.22.0\node_modules\firebase-tools\node_modules\winston\node_modules\readable-stream\lib\_stream_readable.js:629:20)
[error] 
[error] Error: An unexpected error has occurred.
[debug] [2026-04-25T16:59:53.002Z] Error: EPIPE: broken pipe, write
    at Socket._write (node:internal/net:63:18)
    at writeOrBuffer (node:internal/streams/writable:572:12)
    at _write (node:internal/streams/writable:501:10)
    at Writable.write (node:internal/streams/writable:510:10)
    at Console.log (D:\src\nvm\v22.22.0\node_modules\firebase-tools\node_modules\winston\lib\winston\transports\console.js:87:23)
    at Console._write (D:\src\nvm\v22.22.0\node_modules\firebase-tools\node_modules\winston-transport\modern.js:103:17)
    at doWrite (D:\src\nvm\v22.22.0\node_modules\firebase-tools\node_modules\winston-transport\node_modules\readable-stream\lib\_stream_writable.js:390:139)
    at writeOrBuffer (D:\src\nvm\v22.22.0\node_modules\firebase-tools\node_modules\winston-transport\node_modules\readable-stream\lib\_stream_writable.js:381:5)
    at Writable.write (D:\src\nvm\v22.22.0\node_modules\firebase-tools\node_modules\winston-transport\node_modules\readable-stream\lib\_stream_writable.js:302:11)
    at DerivedLogger.ondata (D:\src\nvm\v22.22.0\node_modules\firebase-tools\node_modules\winston\node_modules\readable-stream\lib\_stream_readable.js:629:20)
[error] 
[error] Error: An unexpected error has occurred.
[debug] [2026-04-25T16:59:53.003Z] Error: EPIPE: broken pipe, write
    at Socket._write (node:internal/net:63:18)
    at writeOrBuffer (node:internal/streams/writable:572:12)
    at _write (node:internal/streams/writable:501:10)
    at Writable.write (node:internal/streams/writable:510:10)
    at Console.log (D:\src\nvm\v22.22.0\node_modules\firebase-tools\node_modules\winston\lib\winston\transports\console.js:87:23)
    at Console._write (D:\src\nvm\v22.22.0\node_modules\firebase-tools\node_modules\winston-transport\modern.js:103:17)
    at doWrite (D:\src\nvm\v22.22.0\node_modules\firebase-tools\node_modules\winston-transport\node_modules\readable-stream\lib\_stream_writable.js:390:139)
    at writeOrBuffer (D:\src\nvm\v22.22.0\node_modules\firebase-tools\node_modules\winston-transport\node_modules\readable-stream\lib\_stream_writable.js:381:5)
    at Writable.write (D:\src\nvm\v22.22.0\node_modules\firebase-tools\node_modules\winston-transport\node_modules\readable-stream\lib\_stream_writable.js:302:11)
    at DerivedLogger.ondata (D:\src\nvm\v22.22.0\node_modules\firebase-tools\node_modules\winston\node_modules\readable-stream\lib\_stream_readable.js:629:20)
[error] 
[error] Error: An unexpected error has occurred.
[debug] [2026-04-25T16:59:53.004Z] Error: EPIPE: broken pipe, write
    at Socket._write (node:internal/net:63:18)
    at writeOrBuffer (node:internal/streams/writable:572:12)
    at _write (node:internal/streams/writable:501:10)
    at Writable.write (node:internal/streams/writable:510:10)
    at Console.log (D:\src\nvm\v22.22.0\node_modules\firebase-tools\node_modules\winston\lib\winston\transports\console.js:87:23)
    at Console._write (D:\src\nvm\v22.22.0\node_modules\firebase-tools\node_modules\winston-transport\modern.js:103:17)
    at doWrite (D:\src\nvm\v22.22.0\node_modules\firebase-tools\node_modules\winston-transport\node_modules\readable-stream\lib\_stream_writable.js:390:139)
    at writeOrBuffer (D:\src\nvm\v22.22.0\node_modules\firebase-tools\node_modules\winston-transport\node_modules\readable-stream\lib\_stream_writable.js:381:5)
    at Writable.write (D:\src\nvm\v22.22.0\node_modules\firebase-tools\node_modules\winston-transport\node_modules\readable-stream\lib\_stream_writable.js:302:11)
    at DerivedLogger.ondata (D:\src\nvm\v22.22.0\node_modules\firebase-tools\node_modules\winston\node_modules\readable-stream\lib\_stream_readable.js:629:20)
[error] 
[error] Error: An unexpected error has occurred.
[debug] [2026-04-25T16:59:53.005Z] Error: EPIPE: broken pipe, write
    at Socket._write (node:internal/net:63:18)
    at writeOrBuffer (node:internal/streams/writable:572:12)
    at _write (node:internal/streams/writable:501:10)
    at Writable.write (node:internal/streams/writable:510:10)
    at Console.log (D:\src\nvm\v22.22.0\node_modules\firebase-tools\node_modules\winston\lib\winston\transports\console.js:87:23)
    at Console._write (D:\src\nvm\v22.22.0\node_modules\firebase-tools\node_modules\winston-transport\modern.js:103:17)
    at doWrite (D:\src\nvm\v22.22.0\node_modules\firebase-tools\node_modules\winston-transport\node_modules\readable-stream\lib\_stream_writable.js:390:139)
    at writeOrBuffer (D:\src\nvm\v22.22.0\node_modules\firebase-tools\node_modules\winston-transport\node_modules\readable-stream\lib\_stream_writable.js:381:5)
    at Writable.write (D:\src\nvm\v22.22.0\node_modules\firebase-tools\node_modules\winston-transport\node_modules\readable-stream\lib\_stream_writable.js:302:11)
    at DerivedLogger.ondata (D:\src\nvm\v22.22.0\node_modules\firebase-tools\node_modules\winston\node_modules\readable-stream\lib\_stream_readable.js:629:20)
[error] 
[error] Error: An unexpected error has occurred.
[debug] [2026-04-25T16:59:53.006Z] Error: EPIPE: broken pipe, write
    at Socket._write (node:internal/net:63:18)
    at writeOrBuffer (node:internal/streams/writable:572:12)
    at _write (node:internal/streams/writable:501:10)
    at Writable.write (node:internal/streams/writable:510:10)
    at Console.log (D:\src\nvm\v22.22.0\node_modules\firebase-tools\node_modules\winston\lib\winston\transports\console.js:87:23)
    at Console._write (D:\src\nvm\v22.22.0\node_modules\firebase-tools\node_modules\winston-transport\modern.js:103:17)
    at doWrite (D:\src\nvm\v22.22.0\node_modules\firebase-tools\node_modules\winston-transport\node_modules\readable-stream\lib\_stream_writable.js:390:139)
    at writeOrBuffer (D:\src\nvm\v22.22.0\node_modules\firebase-tools\node_modules\winston-transport\node_modules\readable-stream\lib\_stream_writable.js:381:5)
    at Writable.write (D:\src\nvm\v22.22.0\node_modules\firebase-tools\node_modules\winston-transport\node_modules\readable-stream\lib\_stream_writable.js:302:11)
    at DerivedLogger.ondata (D:\src\nvm\v22.22.0\node_modules\firebase-tools\node_modules\winston\node_modules\readable-stream\lib\_stream_readable.js:629:20)
[error] 
[error] Error: An unexpected error has occurred.
[debug] [2026-04-25T16:59:53.007Z] Error: EPIPE: broken pipe, write
    at Socket._write (node:internal/net:63:18)
    at writeOrBuffer (node:internal/streams/writable:572:12)
    at _write (node:internal/streams/writable:501:10)
    at Writable.write (node:internal/streams/writable:510:10)
    at Console.log (D:\src\nvm\v22.22.0\node_modules\firebase-tools\node_modules\winston\lib\winston\transports\console.js:87:23)
    at Console._write (D:\src\nvm\v22.22.0\node_modules\firebase-tools\node_modules\winston-transport\modern.js:103:17)
    at doWrite (D:\src\nvm\v22.22.0\node_modules\firebase-tools\node_modules\winston-transport\node_modules\readable-stream\lib\_stream_writable.js:390:139)
    at writeOrBuffer (D:\src\nvm\v22.22.0\node_modules\firebase-tools\node_modules\winston-transport\node_modules\readable-stream\lib\_stream_writable.js:381:5)
    at Writable.write (D:\src\nvm\v22.22.0\node_modules\firebase-tools\node_modules\winston-transport\node_modules\readable-stream\lib\_stream_writable.js:302:11)
    at DerivedLogger.ondata (D:\src\nvm\v22.22.0\node_modules\firebase-tools\node_modules\winston\node_modules\readable-stream\lib\_stream_readable.js:629:20)
[error] 
[error] Error: An unexpected error has occurred.
[debug] [2026-04-25T16:59:53.008Z] Error: EPIPE: broken pipe, write
    at Socket._write (node:internal/net:63:18)
    at writeOrBuffer (node:internal/streams/writable:572:12)
    at _write (node:internal/streams/writable:501:10)
    at Writable.write (node:internal/streams/writable:510:10)
    at Console.log (D:\src\nvm\v22.22.0\node_modules\firebase-tools\node_modules\winston\lib\winston\transports\console.js:87:23)
    at Console._write (D:\src\nvm\v22.22.0\node_modules\firebase-tools\node_modules\winston-transport\modern.js:103:17)
    at doWrite (D:\src\nvm\v22.22.0\node_modules\firebase-tools\node_modules\winston-transport\node_modules\readable-stream\lib\_stream_writable.js:390:139)
    at writeOrBuffer (D:\src\nvm\v22.22.0\node_modules\firebase-tools\node_modules\winston-transport\node_modules\readable-stream\lib\_stream_writable.js:381:5)
    at Writable.write (D:\src\nvm\v22.22.0\node_modules\firebase-tools\node_modules\winston-transport\node_modules\readable-stream\lib\_stream_writable.js:302:11)
    at DerivedLogger.ondata (D:\src\nvm\v22.22.0\node_modules\firebase-tools\node_modules\winston\node_modules\readable-stream\lib\_stream_readable.js:629:20)
[error] 
[error] Error: An unexpected error has occurred.
[debug] [2026-04-25T16:59:53.008Z] Error: EPIPE: broken pipe, write
    at Socket._write (node:internal/net:63:18)
    at writeOrBuffer (node:internal/streams/writable:572:12)
    at _write (node:internal/streams/writable:501:10)
    at Writable.write (node:internal/streams/writable:510:10)
    at Console.log (D:\src\nvm\v22.22.0\node_modules\firebase-tools\node_modules\winston\lib\winston\transports\console.js:87:23)
    at Console._write (D:\src\nvm\v22.22.0\node_modules\firebase-tools\node_modules\winston-transport\modern.js:103:17)
    at doWrite (D:\src\nvm\v22.22.0\node_modules\firebase-tools\node_modules\winston-transport\node_modules\readable-stream\lib\_stream_writable.js:390:139)
    at writeOrBuffer (D:\src\nvm\v22.22.0\node_modules\firebase-tools\node_modules\winston-transport\node_modules\readable-stream\lib\_stream_writable.js:381:5)
    at Writable.write (D:\src\nvm\v22.22.0\node_modules\firebase-tools\node_modules\winston-transport\node_modules\readable-stream\lib\_stream_writable.js:302:11)
    at DerivedLogger.ondata (D:\src\nvm\v22.22.0\node_modules\firebase-tools\node_modules\winston\node_modules\readable-stream\lib\_stream_readable.js:629:20)
[error] 
[error] Error: An unexpected error has occurred.
[debug] [2026-04-25T16:59:53.010Z] Error: EPIPE: broken pipe, write
    at Socket._write (node:internal/net:63:18)
    at writeOrBuffer (node:internal/streams/writable:572:12)
    at _write (node:internal/streams/writable:501:10)
    at Writable.write (node:internal/streams/writable:510:10)
    at Console.log (D:\src\nvm\v22.22.0\node_modules\firebase-tools\node_modules\winston\lib\winston\transports\console.js:87:23)
    at Console._write (D:\src\nvm\v22.22.0\node_modules\firebase-tools\node_modules\winston-transport\modern.js:103:17)
    at doWrite (D:\src\nvm\v22.22.0\node_modules\firebase-tools\node_modules\winston-transport\node_modules\readable-stream\lib\_stream_writable.js:390:139)
    at writeOrBuffer (D:\src\nvm\v22.22.0\node_modules\firebase-tools\node_modules\winston-transport\node_modules\readable-stream\lib\_stream_writable.js:381:5)
    at Writable.write (D:\src\nvm\v22.22.0\node_modules\firebase-tools\node_modules\winston-transport\node_modules\readable-stream\lib\_stream_writable.js:302:11)
    at DerivedLogger.ondata (D:\src\nvm\v22.22.0\node_modules\firebase-tools\node_modules\winston\node_modules\readable-stream\lib\_stream_readable.js:629:20)
[error] 
[error] Error: An unexpected error has occurred.
[debug] [2026-04-25T16:59:53.011Z] Error: EPIPE: broken pipe, write
    at Socket._write (node:internal/net:63:18)
    at writeOrBuffer (node:internal/streams/writable:572:12)
    at _write (node:internal/streams/writable:501:10)
    at Writable.write (node:internal/streams/writable:510:10)
    at Console.log (D:\src\nvm\v22.22.0\node_modules\firebase-tools\node_modules\winston\lib\winston\transports\console.js:87:23)
    at Console._write (D:\src\nvm\v22.22.0\node_modules\firebase-tools\node_modules\winston-transport\modern.js:103:17)
    at doWrite (D:\src\nvm\v22.22.0\node_modules\firebase-tools\node_modules\winston-transport\node_modules\readable-stream\lib\_stream_writable.js:390:139)
    at writeOrBuffer (D:\src\nvm\v22.22.0\node_modules\firebase-tools\node_modules\winston-transport\node_modules\readable-stream\lib\_stream_writable.js:381:5)
    at Writable.write (D:\src\nvm\v22.22.0\node_modules\firebase-tools\node_modules\winston-transport\node_modules\readable-stream\lib\_stream_writable.js:302:11)
    at DerivedLogger.ondata (D:\src\nvm\v22.22.0\node_modules\firebase-tools\node_modules\winston\node_modules\readable-stream\lib\_stream_readable.js:629:20)
[error] 
[error] Error: An unexpected error has occurred.
[debug] [2026-04-25T16:59:53.012Z] Error: EPIPE: broken pipe, write
    at Socket._write (node:internal/net:63:18)
    at writeOrBuffer (node:internal/streams/writable:572:12)
    at _write (node:internal/streams/writable:501:10)
    at Writable.write (node:internal/streams/writable:510:10)
    at Console.log (D:\src\nvm\v22.22.0\node_modules\firebase-tools\node_modules\winston\lib\winston\transports\console.js:87:23)
    at Console._write (D:\src\nvm\v22.22.0\node_modules\firebase-tools\node_modules\winston-transport\modern.js:103:17)
    at doWrite (D:\src\nvm\v22.22.0\node_modules\firebase-tools\node_modules\winston-transport\node_modules\readable-stream\lib\_stream_writable.js:390:139)
    at writeOrBuffer (D:\src\nvm\v22.22.0\node_modules\firebase-tools\node_modules\winston-transport\node_modules\readable-stream\lib\_stream_writable.js:381:5)
    at Writable.write (D:\src\nvm\v22.22.0\node_modules\firebase-tools\node_modules\winston-transport\node_modules\readable-stream\lib\_stream_writable.js:302:11)
    at DerivedLogger.ondata (D:\src\nvm\v22.22.0\node_modules\firebase-tools\node_modules\winston\node_modules\readable-stream\lib\_stream_readable.js:629:20)
[error] 
[error] Error: An unexpected error has occurred.
[debug] [2026-04-25T16:59:53.013Z] Error: EPIPE: broken pipe, write
    at Socket._write (node:internal/net:63:18)
    at writeOrBuffer (node:internal/streams/writable:572:12)
    at _write (node:internal/streams/writable:501:10)
    at Writable.write (node:internal/streams/writable:510:10)
    at Console.log (D:\src\nvm\v22.22.0\node_modules\firebase-tools\node_modules\winston\lib\winston\transports\console.js:87:23)
    at Console._write (D:\src\nvm\v22.22.0\node_modules\firebase-tools\node_modules\winston-transport\modern.js:103:17)
    at doWrite (D:\src\nvm\v22.22.0\node_modules\firebase-tools\node_modules\winston-transport\node_modules\readable-stream\lib\_stream_writable.js:390:139)
    at writeOrBuffer (D:\src\nvm\v22.22.0\node_modules\firebase-tools\node_modules\winston-transport\node_modules\readable-stream\lib\_stream_writable.js:381:5)
    at Writable.write (D:\src\nvm\v22.22.0\node_modules\firebase-tools\node_modules\winston-transport\node_modules\readable-stream\lib\_stream_writable.js:302:11)
    at DerivedLogger.ondata (D:\src\nvm\v22.22.0\node_modules\firebase-tools\node_modules\winston\node_modules\readable-stream\lib\_stream_readable.js:629:20)
[error] 
[error] Error: An unexpected error has occurred.
[debug] [2026-04-25T16:59:53.014Z] Error: EPIPE: broken pipe, write
    at Socket._write (node:internal/net:63:18)
    at writeOrBuffer (node:internal/streams/writable:572:12)
    at _write (node:internal/streams/writable:501:10)
    at Writable.write (node:internal/streams/writable:510:10)
    at Console.log (D:\src\nvm\v22.22.0\node_modules\firebase-tools\node_modules\winston\lib\winston\transports\console.js:87:23)
    at Console._write (D:\src\nvm\v22.22.0\node_modules\firebase-tools\node_modules\winston-transport\modern.js:103:17)
    at doWrite (D:\src\nvm\v22.22.0\node_modules\firebase-tools\node_modules\winston-transport\node_modules\readable-stream\lib\_stream_writable.js:390:139)
    at writeOrBuffer (D:\src\nvm\v22.22.0\node_modules\firebase-tools\node_modules\winston-transport\node_modules\readable-stream\lib\_stream_writable.js:381:5)
    at Writable.write (D:\src\nvm\v22.22.0\node_modules\firebase-tools\node_modules\winston-transport\node_modules\readable-stream\lib\_stream_writable.js:302:11)
    at DerivedLogger.ondata (D:\src\nvm\v22.22.0\node_modules\firebase-tools\node_modules\winston\node_modules\readable-stream\lib\_stream_readable.js:629:20)
[error] 
[error] Error: An unexpected error has occurred.
[debug] [2026-04-25T16:59:53.015Z] Error: EPIPE: broken pipe, write
    at Socket._write (node:internal/net:63:18)
    at writeOrBuffer (node:internal/streams/writable:572:12)
    at _write (node:internal/streams/writable:501:10)
    at Writable.write (node:internal/streams/writable:510:10)
    at Console.log (D:\src\nvm\v22.22.0\node_modules\firebase-tools\node_modules\winston\lib\winston\transports\console.js:87:23)
    at Console._write (D:\src\nvm\v22.22.0\node_modules\firebase-tools\node_modules\winston-transport\modern.js:103:17)
    at doWrite (D:\src\nvm\v22.22.0\node_modules\firebase-tools\node_modules\winston-transport\node_modules\readable-stream\lib\_stream_writable.js:390:139)
    at writeOrBuffer (D:\src\nvm\v22.22.0\node_modules\firebase-tools\node_modules\winston-transport\node_modules\readable-stream\lib\_stream_writable.js:381:5)
    at Writable.write (D:\src\nvm\v22.22.0\node_modules\firebase-tools\node_modules\winston-transport\node_modules\readable-stream\lib\_stream_writable.js:302:11)
    at DerivedLogger.ondata (D:\src\nvm\v22.22.0\node_modules\firebase-tools\node_modules\winston\node_modules\readable-stream\lib\_stream_readable.js:629:20)
[error] 
[error] Error: An unexpected error has occurred.
[debug] [2026-04-25T16:59:53.016Z] Error: EPIPE: broken pipe, write
    at Socket._write (node:internal/net:63:18)
    at writeOrBuffer (node:internal/streams/writable:572:12)
    at _write (node:internal/streams/writable:501:10)
    at Writable.write (node:internal/streams/writable:510:10)
    at Console.log (D:\src\nvm\v22.22.0\node_modules\firebase-tools\node_modules\winston\lib\winston\transports\console.js:87:23)
    at Console._write (D:\src\nvm\v22.22.0\node_modules\firebase-tools\node_modules\winston-transport\modern.js:103:17)
    at doWrite (D:\src\nvm\v22.22.0\node_modules\firebase-tools\node_modules\winston-transport\node_modules\readable-stream\lib\_stream_writable.js:390:139)
    at writeOrBuffer (D:\src\nvm\v22.22.0\node_modules\firebase-tools\node_modules\winston-transport\node_modules\readable-stream\lib\_stream_writable.js:381:5)
    at Writable.write (D:\src\nvm\v22.22.0\node_modules\firebase-tools\node_modules\winston-transport\node_modules\readable-stream\lib\_stream_writable.js:302:11)
    at DerivedLogger.ondata (D:\src\nvm\v22.22.0\node_modules\firebase-tools\node_modules\winston\node_modules\readable-stream\lib\_stream_readable.js:629:20)
[error] 
[error] Error: An unexpected error has occurred.
[debug] [2026-04-25T16:59:53.017Z] Error: EPIPE: broken pipe, write
    at Socket._write (node:internal/net:63:18)
    at writeOrBuffer (node:internal/streams/writable:572:12)
    at _write (node:internal/streams/writable:501:10)
    at Writable.write (node:internal/streams/writable:510:10)
    at Console.log (D:\src\nvm\v22.22.0\node_modules\firebase-tools\node_modules\winston\lib\winston\transports\console.js:87:23)
    at Console._write (D:\src\nvm\v22.22.0\node_modules\firebase-tools\node_modules\winston-transport\modern.js:103:17)
    at doWrite (D:\src\nvm\v22.22.0\node_modules\firebase-tools\node_modules\winston-transport\node_modules\readable-stream\lib\_stream_writable.js:390:139)
    at writeOrBuffer (D:\src\nvm\v22.22.0\node_modules\firebase-tools\node_modules\winston-transport\node_modules\readable-stream\lib\_stream_writable.js:381:5)
    at Writable.write (D:\src\nvm\v22.22.0\node_modules\firebase-tools\node_modules\winston-transport\node_modules\readable-stream\lib\_stream_writable.js:302:11)
    at DerivedLogger.ondata (D:\src\nvm\v22.22.0\node_modules\firebase-tools\node_modules\winston\node_modules\readable-stream\lib\_stream_readable.js:629:20)
[error] 
[error] Error: An unexpected error has occurred.
[debug] [2026-04-25T16:59:53.018Z] Error: EPIPE: broken pipe, write
    at Socket._write (node:internal/net:63:18)
    at writeOrBuffer (node:internal/streams/writable:572:12)
    at _write (node:internal/streams/writable:501:10)
    at Writable.write (node:internal/streams/writable:510:10)
    at Console.log (D:\src\nvm\v22.22.0\node_modules\firebase-tools\node_modules\winston\lib\winston\transports\console.js:87:23)
    at Console._write (D:\src\nvm\v22.22.0\node_modules\firebase-tools\node_modules\winston-transport\modern.js:103:17)
    at doWrite (D:\src\nvm\v22.22.0\node_modules\firebase-tools\node_modules\winston-transport\node_modules\readable-stream\lib\_stream_writable.js:390:139)
    at writeOrBuffer (D:\src\nvm\v22.22.0\node_modules\firebase-tools\node_modules\winston-transport\node_modules\readable-stream\lib\_stream_writable.js:381:5)
    at Writable.write (D:\src\nvm\v22.22.0\node_modules\firebase-tools\node_modules\winston-transport\node_modules\readable-stream\lib\_stream_writable.js:302:11)
    at DerivedLogger.ondata (D:\src\nvm\v22.22.0\node_modules\firebase-tools\node_modules\winston\node_modules\readable-stream\lib\_stream_readable.js:629:20)
[error] 
[error] Error: An unexpected error has occurred.
[debug] [2026-04-25T16:59:53.019Z] Error: EPIPE: broken pipe, write
    at Socket._write (node:internal/net:63:18)
    at writeOrBuffer (node:internal/streams/writable:572:12)
    at _write (node:internal/streams/writable:501:10)
    at Writable.write (node:internal/streams/writable:510:10)
    at Console.log (D:\src\nvm\v22.22.0\node_modules\firebase-tools\node_modules\winston\lib\winston\transports\console.js:87:23)
    at Console._write (D:\src\nvm\v22.22.0\node_modules\firebase-tools\node_modules\winston-transport\modern.js:103:17)
    at doWrite (D:\src\nvm\v22.22.0\node_modules\firebase-tools\node_modules\winston-transport\node_modules\readable-stream\lib\_stream_writable.js:390:139)
    at writeOrBuffer (D:\src\nvm\v22.22.0\node_modules\firebase-tools\node_modules\winston-transport\node_modules\readable-stream\lib\_stream_writable.js:381:5)
    at Writable.write (D:\src\nvm\v22.22.0\node_modules\firebase-tools\node_modules\winston-transport\node_modules\readable-stream\lib\_stream_writable.js:302:11)
    at DerivedLogger.ondata (D:\src\nvm\v22.22.0\node_modules\firebase-tools\node_modules\winston\node_modules\readable-stream\lib\_stream_readable.js:629:20)
[error] 
[error] Error: An unexpected error has occurred.
[debug] [2026-04-25T16:59:53.020Z] Error: EPIPE: broken pipe, write
    at Socket._write (node:internal/net:63:18)
    at writeOrBuffer (node:internal/streams/writable:572:12)
    at _write (node:internal/streams/writable:501:10)
    at Writable.write (node:internal/streams/writable:510:10)
    at Console.log (D:\src\nvm\v22.22.0\node_modules\firebase-tools\node_modules\winston\lib\winston\transports\console.js:87:23)
    at Console._write (D:\src\nvm\v22.22.0\node_modules\firebase-tools\node_modules\winston-transport\modern.js:103:17)
    at doWrite (D:\src\nvm\v22.22.0\node_modules\firebase-tools\node_modules\winston-transport\node_modules\readable-stream\lib\_stream_writable.js:390:139)
    at writeOrBuffer (D:\src\nvm\v22.22.0\node_modules\firebase-tools\node_modules\winston-transport\node_modules\readable-stream\lib\_stream_writable.js:381:5)
    at Writable.write (D:\src\nvm\v22.22.0\node_modules\firebase-tools\node_modules\winston-transport\node_modules\readable-stream\lib\_stream_writable.js:302:11)
    at DerivedLogger.ondata (D:\src\nvm\v22.22.0\node_modules\firebase-tools\node_modules\winston\node_modules\readable-stream\lib\_stream_readable.js:629:20)
[error] 
[error] Error: An unexpected error has occurred.
[debug] [2026-04-25T16:59:53.026Z] Error: EPIPE: broken pipe, write
    at Socket._write (node:internal/net:63:18)
    at writeOrBuffer (node:internal/streams/writable:572:12)
    at _write (node:internal/streams/writable:501:10)
    at Writable.write (node:internal/streams/writable:510:10)
    at Console.log (D:\src\nvm\v22.22.0\node_modules\firebase-tools\node_modules\winston\lib\winston\transports\console.js:87:23)
    at Console._write (D:\src\nvm\v22.22.0\node_modules\firebase-tools\node_modules\winston-transport\modern.js:103:17)
    at doWrite (D:\src\nvm\v22.22.0\node_modules\firebase-tools\node_modules\winston-transport\node_modules\readable-stream\lib\_stream_writable.js:390:139)
    at writeOrBuffer (D:\src\nvm\v22.22.0\node_modules\firebase-tools\node_modules\winston-transport\node_modules\readable-stream\lib\_stream_writable.js:381:5)
    at Writable.write (D:\src\nvm\v22.22.0\node_modules\firebase-tools\node_modules\winston-transport\node_modules\readable-stream\lib\_stream_writable.js:302:11)
    at DerivedLogger.ondata (D:\src\nvm\v22.22.0\node_modules\firebase-tools\node_modules\winston\node_modules\readable-stream\lib\_stream_readable.js:629:20)
[error] 
[error] Error: An unexpected error has occurred.
[debug] [2026-04-25T16:59:53.027Z] Error: EPIPE: broken pipe, write
    at Socket._write (node:internal/net:63:18)
    at writeOrBuffer (node:internal/streams/writable:572:12)
    at _write (node:internal/streams/writable:501:10)
    at Writable.write (node:internal/streams/writable:510:10)
    at Console.log (D:\src\nvm\v22.22.0\node_modules\firebase-tools\node_modules\winston\lib\winston\transports\console.js:87:23)
    at Console._write (D:\src\nvm\v22.22.0\node_modules\firebase-tools\node_modules\winston-transport\modern.js:103:17)
    at doWrite (D:\src\nvm\v22.22.0\node_modules\firebase-tools\node_modules\winston-transport\node_modules\readable-stream\lib\_stream_writable.js:390:139)
    at writeOrBuffer (D:\src\nvm\v22.22.0\node_modules\firebase-tools\node_modules\winston-transport\node_modules\readable-stream\lib\_stream_writable.js:381:5)
    at Writable.write (D:\src\nvm\v22.22.0\node_modules\firebase-tools\node_modules\winston-transport\node_modules\readable-stream\lib\_stream_writable.js:302:11)
    at DerivedLogger.ondata (D:\src\nvm\v22.22.0\node_modules\firebase-tools\node_modules\winston\node_modules\readable-stream\lib\_stream_readable.js:629:20)
[error] 
[error] Error: An unexpected error has occurred.
[debug] [2026-04-25T16:59:53.028Z] Error: EPIPE: broken pipe, write
    at Socket._write (node:internal/net:63:18)
    at writeOrBuffer (node:internal/streams/writable:572:12)
    at _write (node:internal/streams/writable:501:10)
    at Writable.write (node:internal/streams/writable:510:10)
    at Console.log (D:\src\nvm\v22.22.0\node_modules\firebase-tools\node_modules\winston\lib\winston\transports\console.js:87:23)
    at Console._write (D:\src\nvm\v22.22.0\node_modules\firebase-tools\node_modules\winston-transport\modern.js:103:17)
    at doWrite (D:\src\nvm\v22.22.0\node_modules\firebase-tools\node_modules\winston-transport\node_modules\readable-stream\lib\_stream_writable.js:390:139)
    at writeOrBuffer (D:\src\nvm\v22.22.0\node_modules\firebase-tools\node_modules\winston-transport\node_modules\readable-stream\lib\_stream_writable.js:381:5)
    at Writable.write (D:\src\nvm\v22.22.0\node_modules\firebase-tools\node_modules\winston-transport\node_modules\readable-stream\lib\_stream_writable.js:302:11)
    at DerivedLogger.ondata (D:\src\nvm\v22.22.0\node_modules\firebase-tools\node_modules\winston\node_modules\readable-stream\lib\_stream_readable.js:629:20)
[error] 
[error] Error: An unexpected error has occurred.
[debug] [2026-04-25T16:59:53.029Z] Error: EPIPE: broken pipe, write
    at Socket._write (node:internal/net:63:18)
    at writeOrBuffer (node:internal/streams/writable:572:12)
    at _write (node:internal/streams/writable:501:10)
    at Writable.write (node:internal/streams/writable:510:10)
    at Console.log (D:\src\nvm\v22.22.0\node_modules\firebase-tools\node_modules\winston\lib\winston\transports\console.js:87:23)
    at Console._write (D:\src\nvm\v22.22.0\node_modules\firebase-tools\node_modules\winston-transport\modern.js:103:17)
    at doWrite (D:\src\nvm\v22.22.0\node_modules\firebase-tools\node_modules\winston-transport\node_modules\readable-stream\lib\_stream_writable.js:390:139)
    at writeOrBuffer (D:\src\nvm\v22.22.0\node_modules\firebase-tools\node_modules\winston-transport\node_modules\readable-stream\lib\_stream_writable.js:381:5)
    at Writable.write (D:\src\nvm\v22.22.0\node_modules\firebase-tools\node_modules\winston-transport\node_modules\readable-stream\lib\_stream_writable.js:302:11)
    at DerivedLogger.ondata (D:\src\nvm\v22.22.0\node_modules\firebase-tools\node_modules\winston\node_modules\readable-stream\lib\_stream_readable.js:629:20)
[error] 
[error] Error: An unexpected error has occurred.
[debug] [2026-04-25T16:59:53.030Z] Error: EPIPE: broken pipe, write
    at Socket._write (node:internal/net:63:18)
    at writeOrBuffer (node:internal/streams/writable:572:12)
    at _write (node:internal/streams/writable:501:10)
    at Writable.write (node:internal/streams/writable:510:10)
    at Console.log (D:\src\nvm\v22.22.0\node_modules\firebase-tools\node_modules\winston\lib\winston\transports\console.js:87:23)
    at Console._write (D:\src\nvm\v22.22.0\node_modules\firebase-tools\node_modules\winston-transport\modern.js:103:17)
    at doWrite (D:\src\nvm\v22.22.0\node_modules\firebase-tools\node_modules\winston-transport\node_modules\readable-stream\lib\_stream_writable.js:390:139)
    at writeOrBuffer (D:\src\nvm\v22.22.0\node_modules\firebase-tools\node_modules\winston-transport\node_modules\readable-stream\lib\_stream_writable.js:381:5)
    at Writable.write (D:\src\nvm\v22.22.0\node_modules\firebase-tools\node_modules\winston-transport\node_modules\readable-stream\lib\_stream_writable.js:302:11)
    at DerivedLogger.ondata (D:\src\nvm\v22.22.0\node_modules\firebase-tools\node_modules\winston\node_modules\readable-stream\lib\_stream_readable.js:629:20)
[error] 
[error] Error: An unexpected error has occurred.
[debug] [2026-04-25T16:59:53.031Z] Error: EPIPE: broken pipe, write
    at Socket._write (node:internal/net:63:18)
    at writeOrBuffer (node:internal/streams/writable:572:12)
    at _write (node:internal/streams/writable:501:10)
    at Writable.write (node:internal/streams/writable:510:10)
    at Console.log (D:\src\nvm\v22.22.0\node_modules\firebase-tools\node_modules\winston\lib\winston\transports\console.js:87:23)
    at Console._write (D:\src\nvm\v22.22.0\node_modules\firebase-tools\node_modules\winston-transport\modern.js:103:17)
    at doWrite (D:\src\nvm\v22.22.0\node_modules\firebase-tools\node_modules\winston-transport\node_modules\readable-stream\lib\_stream_writable.js:390:139)
    at writeOrBuffer (D:\src\nvm\v22.22.0\node_modules\firebase-tools\node_modules\winston-transport\node_modules\readable-stream\lib\_stream_writable.js:381:5)
    at Writable.write (D:\src\nvm\v22.22.0\node_modules\firebase-tools\node_modules\winston-transport\node_modules\readable-stream\lib\_stream_writable.js:302:11)
    at DerivedLogger.ondata (D:\src\nvm\v22.22.0\node_modules\firebase-tools\node_modules\winston\node_modules\readable-stream\lib\_stream_readable.js:629:20)
[error] 
[error] Error: An unexpected error has occurred.
[debug] [2026-04-25T16:59:53.033Z] Error: EPIPE: broken pipe, write
    at Socket._write (node:internal/net:63:18)
    at writeOrBuffer (node:internal/streams/writable:572:12)
    at _write (node:internal/streams/writable:501:10)
    at Writable.write (node:internal/streams/writable:510:10)
    at Console.log (D:\src\nvm\v22.22.0\node_modules\firebase-tools\node_modules\winston\lib\winston\transports\console.js:87:23)
    at Console._write (D:\src\nvm\v22.22.0\node_modules\firebase-tools\node_modules\winston-transport\modern.js:103:17)
    at doWrite (D:\src\nvm\v22.22.0\node_modules\firebase-tools\node_modules\winston-transport\node_modules\readable-stream\lib\_stream_writable.js:390:139)
    at writeOrBuffer (D:\src\nvm\v22.22.0\node_modules\firebase-tools\node_modules\winston-transport\node_modules\readable-stream\lib\_stream_writable.js:381:5)
    at Writable.write (D:\src\nvm\v22.22.0\node_modules\firebase-tools\node_modules\winston-transport\node_modules\readable-stream\lib\_stream_writable.js:302:11)
    at DerivedLogger.ondata (D:\src\nvm\v22.22.0\node_modules\firebase-tools\node_modules\winston\node_modules\readable-stream\lib\_stream_readable.js:629:20)
[error] 
[error] Error: An unexpected error has occurred.
[debug] [2026-04-25T16:59:53.034Z] Error: EPIPE: broken pipe, write
    at Socket._write (node:internal/net:63:18)
    at writeOrBuffer (node:internal/streams/writable:572:12)
    at _write (node:internal/streams/writable:501:10)
    at Writable.write (node:internal/streams/writable:510:10)
    at Console.log (D:\src\nvm\v22.22.0\node_modules\firebase-tools\node_modules\winston\lib\winston\transports\console.js:87:23)
    at Console._write (D:\src\nvm\v22.22.0\node_modules\firebase-tools\node_modules\winston-transport\modern.js:103:17)
    at doWrite (D:\src\nvm\v22.22.0\node_modules\firebase-tools\node_modules\winston-transport\node_modules\readable-stream\lib\_stream_writable.js:390:139)
    at writeOrBuffer (D:\src\nvm\v22.22.0\node_modules\firebase-tools\node_modules\winston-transport\node_modules\readable-stream\lib\_stream_writable.js:381:5)
    at Writable.write (D:\src\nvm\v22.22.0\node_modules\firebase-tools\node_modules\winston-transport\node_modules\readable-stream\lib\_stream_writable.js:302:11)
    at DerivedLogger.ondata (D:\src\nvm\v22.22.0\node_modules\firebase-tools\node_modules\winston\node_modules\readable-stream\lib\_stream_readable.js:629:20)
[error] 
[error] Error: An unexpected error has occurred.
[debug] [2026-04-25T16:59:53.036Z] Error: EPIPE: broken pipe, write
    at Socket._write (node:internal/net:63:18)
    at writeOrBuffer (node:internal/streams/writable:572:12)
    at _write (node:internal/streams/writable:501:10)
    at Writable.write (node:internal/streams/writable:510:10)
    at Console.log (D:\src\nvm\v22.22.0\node_modules\firebase-tools\node_modules\winston\lib\winston\transports\console.js:87:23)
    at Console._write (D:\src\nvm\v22.22.0\node_modules\firebase-tools\node_modules\winston-transport\modern.js:103:17)
    at doWrite (D:\src\nvm\v22.22.0\node_modules\firebase-tools\node_modules\winston-transport\node_modules\readable-stream\lib\_stream_writable.js:390:139)
    at writeOrBuffer (D:\src\nvm\v22.22.0\node_modules\firebase-tools\node_modules\winston-transport\node_modules\readable-stream\lib\_stream_writable.js:381:5)
    at Writable.write (D:\src\nvm\v22.22.0\node_modules\firebase-tools\node_modules\winston-transport\node_modules\readable-stream\lib\_stream_writable.js:302:11)
    at DerivedLogger.ondata (D:\src\nvm\v22.22.0\node_modules\firebase-tools\node_modules\winston\node_modules\readable-stream\lib\_stream_readable.js:629:20)
[error] 
[error] Error: An unexpected error has occurred.
[debug] [2026-04-25T16:59:53.037Z] Error: EPIPE: broken pipe, write
    at Socket._write (node:internal/net:63:18)
    at writeOrBuffer (node:internal/streams/writable:572:12)
    at _write (node:internal/streams/writable:501:10)
    at Writable.write (node:internal/streams/writable:510:10)
    at Console.log (D:\src\nvm\v22.22.0\node_modules\firebase-tools\node_modules\winston\lib\winston\transports\console.js:87:23)
    at Console._write (D:\src\nvm\v22.22.0\node_modules\firebase-tools\node_modules\winston-transport\modern.js:103:17)
    at doWrite (D:\src\nvm\v22.22.0\node_modules\firebase-tools\node_modules\winston-transport\node_modules\readable-stream\lib\_stream_writable.js:390:139)
    at writeOrBuffer (D:\src\nvm\v22.22.0\node_modules\firebase-tools\node_modules\winston-transport\node_modules\readable-stream\lib\_stream_writable.js:381:5)
    at Writable.write (D:\src\nvm\v22.22.0\node_modules\firebase-tools\node_modules\winston-transport\node_modules\readable-stream\lib\_stream_writable.js:302:11)
    at DerivedLogger.ondata (D:\src\nvm\v22.22.0\node_modules\firebase-tools\node_modules\winston\node_modules\readable-stream\lib\_stream_readable.js:629:20)
[error] 
[error] Error: An unexpected error has occurred.
[debug] [2026-04-25T16:59:53.038Z] Error: EPIPE: broken pipe, write
    at Socket._write (node:internal/net:63:18)
    at writeOrBuffer (node:internal/streams/writable:572:12)
    at _write (node:internal/streams/writable:501:10)
    at Writable.write (node:internal/streams/writable:510:10)
    at Console.log (D:\src\nvm\v22.22.0\node_modules\firebase-tools\node_modules\winston\lib\winston\transports\console.js:87:23)
    at Console._write (D:\src\nvm\v22.22.0\node_modules\firebase-tools\node_modules\winston-transport\modern.js:103:17)
    at doWrite (D:\src\nvm\v22.22.0\node_modules\firebase-tools\node_modules\winston-transport\node_modules\readable-stream\lib\_stream_writable.js:390:139)
    at writeOrBuffer (D:\src\nvm\v22.22.0\node_modules\firebase-tools\node_modules\winston-transport\node_modules\readable-stream\lib\_stream_writable.js:381:5)
    at Writable.write (D:\src\nvm\v22.22.0\node_modules\firebase-tools\node_modules\winston-transport\node_modules\readable-stream\lib\_stream_writable.js:302:11)
    at DerivedLogger.ondata (D:\src\nvm\v22.22.0\node_modules\firebase-tools\node_modules\winston\node_modules\readable-stream\lib\_stream_readable.js:629:20)
[error] 
[error] Error: An unexpected error has occurred.
[debug] [2026-04-25T16:59:53.039Z] Error: EPIPE: broken pipe, write
    at Socket._write (node:internal/net:63:18)
    at writeOrBuffer (node:internal/streams/writable:572:12)
    at _write (node:internal/streams/writable:501:10)
    at Writable.write (node:internal/streams/writable:510:10)
    at Console.log (D:\src\nvm\v22.22.0\node_modules\firebase-tools\node_modules\winston\lib\winston\transports\console.js:87:23)
    at Console._write (D:\src\nvm\v22.22.0\node_modules\firebase-tools\node_modules\winston-transport\modern.js:103:17)
    at doWrite (D:\src\nvm\v22.22.0\node_modules\firebase-tools\node_modules\winston-transport\node_modules\readable-stream\lib\_stream_writable.js:390:139)
    at writeOrBuffer (D:\src\nvm\v22.22.0\node_modules\firebase-tools\node_modules\winston-transport\node_modules\readable-stream\lib\_stream_writable.js:381:5)
    at Writable.write (D:\src\nvm\v22.22.0\node_modules\firebase-tools\node_modules\winston-transport\node_modules\readable-stream\lib\_stream_writable.js:302:11)
    at DerivedLogger.ondata (D:\src\nvm\v22.22.0\node_modules\firebase-tools\node_modules\winston\node_modules\readable-stream\lib\_stream_readable.js:629:20)
[error] 
[error] Error: An unexpected error has occurred.
[debug] [2026-04-25T16:59:53.040Z] Error: EPIPE: broken pipe, write
    at Socket._write (node:internal/net:63:18)
    at writeOrBuffer (node:internal/streams/writable:572:12)
    at _write (node:internal/streams/writable:501:10)
    at Writable.write (node:internal/streams/writable:510:10)
    at Console.log (D:\src\nvm\v22.22.0\node_modules\firebase-tools\node_modules\winston\lib\winston\transports\console.js:87:23)
    at Console._write (D:\src\nvm\v22.22.0\node_modules\firebase-tools\node_modules\winston-transport\modern.js:103:17)
    at doWrite (D:\src\nvm\v22.22.0\node_modules\firebase-tools\node_modules\winston-transport\node_modules\readable-stream\lib\_stream_writable.js:390:139)
    at writeOrBuffer (D:\src\nvm\v22.22.0\node_modules\firebase-tools\node_modules\winston-transport\node_modules\readable-stream\lib\_stream_writable.js:381:5)
    at Writable.write (D:\src\nvm\v22.22.0\node_modules\firebase-tools\node_modules\winston-transport\node_modules\readable-stream\lib\_stream_writable.js:302:11)
    at DerivedLogger.ondata (D:\src\nvm\v22.22.0\node_modules\firebase-tools\node_modules\winston\node_modules\readable-stream\lib\_stream_readable.js:629:20)
[error] 
[error] Error: An unexpected error has occurred.
[debug] [2026-04-25T16:59:53.041Z] Error: EPIPE: broken pipe, write
    at Socket._write (node:internal/net:63:18)
    at writeOrBuffer (node:internal/streams/writable:572:12)
    at _write (node:internal/streams/writable:501:10)
    at Writable.write (node:internal/streams/writable:510:10)
    at Console.log (D:\src\nvm\v22.22.0\node_modules\firebase-tools\node_modules\winston\lib\winston\transports\console.js:87:23)
    at Console._write (D:\src\nvm\v22.22.0\node_modules\firebase-tools\node_modules\winston-transport\modern.js:103:17)
    at doWrite (D:\src\nvm\v22.22.0\node_modules\firebase-tools\node_modules\winston-transport\node_modules\readable-stream\lib\_stream_writable.js:390:139)
    at writeOrBuffer (D:\src\nvm\v22.22.0\node_modules\firebase-tools\node_modules\winston-transport\node_modules\readable-stream\lib\_stream_writable.js:381:5)
    at Writable.write (D:\src\nvm\v22.22.0\node_modules\firebase-tools\node_modules\winston-transport\node_modules\readable-stream\lib\_stream_writable.js:302:11)
    at DerivedLogger.ondata (D:\src\nvm\v22.22.0\node_modules\firebase-tools\node_modules\winston\node_modules\readable-stream\lib\_stream_readable.js:629:20)
[error] 
[error] Error: An unexpected error has occurred.
[debug] [2026-04-25T16:59:53.045Z] Error: EPIPE: broken pipe, write
    at Socket._write (node:internal/net:63:18)
    at writeOrBuffer (node:internal/streams/writable:572:12)
    at _write (node:internal/streams/writable:501:10)
    at Writable.write (node:internal/streams/writable:510:10)
    at Console.log (D:\src\nvm\v22.22.0\node_modules\firebase-tools\node_modules\winston\lib\winston\transports\console.js:87:23)
    at Console._write (D:\src\nvm\v22.22.0\node_modules\firebase-tools\node_modules\winston-transport\modern.js:103:17)
    at doWrite (D:\src\nvm\v22.22.0\node_modules\firebase-tools\node_modules\winston-transport\node_modules\readable-stream\lib\_stream_writable.js:390:139)
    at writeOrBuffer (D:\src\nvm\v22.22.0\node_modules\firebase-tools\node_modules\winston-transport\node_modules\readable-stream\lib\_stream_writable.js:381:5)
    at Writable.write (D:\src\nvm\v22.22.0\node_modules\firebase-tools\node_modules\winston-transport\node_modules\readable-stream\lib\_stream_writable.js:302:11)
    at DerivedLogger.ondata (D:\src\nvm\v22.22.0\node_modules\firebase-tools\node_modules\winston\node_modules\readable-stream\lib\_stream_readable.js:629:20)
[error] 
[error] Error: An unexpected error has occurred.
[debug] [2026-04-25T16:59:53.047Z] Error: EPIPE: broken pipe, write
    at Socket._write (node:internal/net:63:18)
    at writeOrBuffer (node:internal/streams/writable:572:12)
    at _write (node:internal/streams/writable:501:10)
    at Writable.write (node:internal/streams/writable:510:10)
    at Console.log (D:\src\nvm\v22.22.0\node_modules\firebase-tools\node_modules\winston\lib\winston\transports\console.js:87:23)
    at Console._write (D:\src\nvm\v22.22.0\node_modules\firebase-tools\node_modules\winston-transport\modern.js:103:17)
    at doWrite (D:\src\nvm\v22.22.0\node_modules\firebase-tools\node_modules\winston-transport\node_modules\readable-stream\lib\_stream_writable.js:390:139)
    at writeOrBuffer (D:\src\nvm\v22.22.0\node_modules\firebase-tools\node_modules\winston-transport\node_modules\readable-stream\lib\_stream_writable.js:381:5)
    at Writable.write (D:\src\nvm\v22.22.0\node_modules\firebase-tools\node_modules\winston-transport\node_modules\readable-stream\lib\_stream_writable.js:302:11)
    at DerivedLogger.ondata (D:\src\nvm\v22.22.0\node_modules\firebase-tools\node_modules\winston\node_modules\readable-stream\lib\_stream_readable.js:629:20)
[error] 
[error] Error: An unexpected error has occurred.
[debug] [2026-04-25T16:59:53.048Z] Error: EPIPE: broken pipe, write
    at Socket._write (node:internal/net:63:18)
    at writeOrBuffer (node:internal/streams/writable:572:12)
    at _write (node:internal/streams/writable:501:10)
    at Writable.write (node:internal/streams/writable:510:10)
    at Console.log (D:\src\nvm\v22.22.0\node_modules\firebase-tools\node_modules\winston\lib\winston\transports\console.js:87:23)
    at Console._write (D:\src\nvm\v22.22.0\node_modules\firebase-tools\node_modules\winston-transport\modern.js:103:17)
    at doWrite (D:\src\nvm\v22.22.0\node_modules\firebase-tools\node_modules\winston-transport\node_modules\readable-stream\lib\_stream_writable.js:390:139)
    at writeOrBuffer (D:\src\nvm\v22.22.0\node_modules\firebase-tools\node_modules\winston-transport\node_modules\readable-stream\lib\_stream_writable.js:381:5)
    at Writable.write (D:\src\nvm\v22.22.0\node_modules\firebase-tools\node_modules\winston-transport\node_modules\readable-stream\lib\_stream_writable.js:302:11)
    at DerivedLogger.ondata (D:\src\nvm\v22.22.0\node_modules\firebase-tools\node_modules\winston\node_modules\readable-stream\lib\_stream_readable.js:629:20)
[error] 
[error] Error: An unexpected error has occurred.
[debug] [2026-04-25T16:59:53.048Z] Error: EPIPE: broken pipe, write
    at Socket._write (node:internal/net:63:18)
    at writeOrBuffer (node:internal/streams/writable:572:12)
    at _write (node:internal/streams/writable:501:10)
    at Writable.write (node:internal/streams/writable:510:10)
    at Console.log (D:\src\nvm\v22.22.0\node_modules\firebase-tools\node_modules\winston\lib\winston\transports\console.js:87:23)
    at Console._write (D:\src\nvm\v22.22.0\node_modules\firebase-tools\node_modules\winston-transport\modern.js:103:17)
    at doWrite (D:\src\nvm\v22.22.0\node_modules\firebase-tools\node_modules\winston-transport\node_modules\readable-stream\lib\_stream_writable.js:390:139)
    at writeOrBuffer (D:\src\nvm\v22.22.0\node_modules\firebase-tools\node_modules\winston-transport\node_modules\readable-stream\lib\_stream_writable.js:381:5)
    at Writable.write (D:\src\nvm\v22.22.0\node_modules\firebase-tools\node_modules\winston-transport\node_modules\readable-stream\lib\_stream_writable.js:302:11)
    at DerivedLogger.ondata (D:\src\nvm\v22.22.0\node_modules\firebase-tools\node_modules\winston\node_modules\readable-stream\lib\_stream_readable.js:629:20)
[error] 
[error] Error: An unexpected error has occurred.
[debug] [2026-04-25T16:59:53.050Z] Error: EPIPE: broken pipe, write
    at Socket._write (node:internal/net:63:18)
    at writeOrBuffer (node:internal/streams/writable:572:12)
    at _write (node:internal/streams/writable:501:10)
    at Writable.write (node:internal/streams/writable:510:10)
    at Console.log (D:\src\nvm\v22.22.0\node_modules\firebase-tools\node_modules\winston\lib\winston\transports\console.js:87:23)
    at Console._write (D:\src\nvm\v22.22.0\node_modules\firebase-tools\node_modules\winston-transport\modern.js:103:17)
    at doWrite (D:\src\nvm\v22.22.0\node_modules\firebase-tools\node_modules\winston-transport\node_modules\readable-stream\lib\_stream_writable.js:390:139)
    at writeOrBuffer (D:\src\nvm\v22.22.0\node_modules\firebase-tools\node_modules\winston-transport\node_modules\readable-stream\lib\_stream_writable.js:381:5)
    at Writable.write (D:\src\nvm\v22.22.0\node_modules\firebase-tools\node_modules\winston-transport\node_modules\readable-stream\lib\_stream_writable.js:302:11)
    at DerivedLogger.ondata (D:\src\nvm\v22.22.0\node_modules\firebase-tools\node_modules\winston\node_modules\readable-stream\lib\_stream_readable.js:629:20)
[error] 
[error] Error: An unexpected error has occurred.
[debug] [2026-04-25T16:59:53.051Z] Error: EPIPE: broken pipe, write
    at Socket._write (node:internal/net:63:18)
    at writeOrBuffer (node:internal/streams/writable:572:12)
    at _write (node:internal/streams/writable:501:10)
    at Writable.write (node:internal/streams/writable:510:10)
    at Console.log (D:\src\nvm\v22.22.0\node_modules\firebase-tools\node_modules\winston\lib\winston\transports\console.js:87:23)
    at Console._write (D:\src\nvm\v22.22.0\node_modules\firebase-tools\node_modules\winston-transport\modern.js:103:17)
    at doWrite (D:\src\nvm\v22.22.0\node_modules\firebase-tools\node_modules\winston-transport\node_modules\readable-stream\lib\_stream_writable.js:390:139)
    at writeOrBuffer (D:\src\nvm\v22.22.0\node_modules\firebase-tools\node_modules\winston-transport\node_modules\readable-stream\lib\_stream_writable.js:381:5)
    at Writable.write (D:\src\nvm\v22.22.0\node_modules\firebase-tools\node_modules\winston-transport\node_modules\readable-stream\lib\_stream_writable.js:302:11)
    at DerivedLogger.ondata (D:\src\nvm\v22.22.0\node_modules\firebase-tools\node_modules\winston\node_modules\readable-stream\lib\_stream_readable.js:629:20)
[error] 
[error] Error: An unexpected error has occurred.
[debug] [2026-04-25T16:59:53.054Z] Error: EPIPE: broken pipe, write
    at Socket._write (node:internal/net:63:18)
    at writeOrBuffer (node:internal/streams/writable:572:12)
    at _write (node:internal/streams/writable:501:10)
    at Writable.write (node:internal/streams/writable:510:10)
    at Console.log (D:\src\nvm\v22.22.0\node_modules\firebase-tools\node_modules\winston\lib\winston\transports\console.js:87:23)
    at Console._write (D:\src\nvm\v22.22.0\node_modules\firebase-tools\node_modules\winston-transport\modern.js:103:17)
    at doWrite (D:\src\nvm\v22.22.0\node_modules\firebase-tools\node_modules\winston-transport\node_modules\readable-stream\lib\_stream_writable.js:390:139)
    at writeOrBuffer (D:\src\nvm\v22.22.0\node_modules\firebase-tools\node_modules\winston-transport\node_modules\readable-stream\lib\_stream_writable.js:381:5)
    at Writable.write (D:\src\nvm\v22.22.0\node_modules\firebase-tools\node_modules\winston-transport\node_modules\readable-stream\lib\_stream_writable.js:302:11)
    at DerivedLogger.ondata (D:\src\nvm\v22.22.0\node_modules\firebase-tools\node_modules\winston\node_modules\readable-stream\lib\_stream_readable.js:629:20)
[error] 
[error] Error: An unexpected error has occurred.
[debug] [2026-04-25T16:59:53.055Z] Error: EPIPE: broken pipe, write
    at Socket._write (node:internal/net:63:18)
    at writeOrBuffer (node:internal/streams/writable:572:12)
    at _write (node:internal/streams/writable:501:10)
    at Writable.write (node:internal/streams/writable:510:10)
    at Console.log (D:\src\nvm\v22.22.0\node_modules\firebase-tools\node_modules\winston\lib\winston\transports\console.js:87:23)
    at Console._write (D:\src\nvm\v22.22.0\node_modules\firebase-tools\node_modules\winston-transport\modern.js:103:17)
    at doWrite (D:\src\nvm\v22.22.0\node_modules\firebase-tools\node_modules\winston-transport\node_modules\readable-stream\lib\_stream_writable.js:390:139)
    at writeOrBuffer (D:\src\nvm\v22.22.0\node_modules\firebase-tools\node_modules\winston-transport\node_modules\readable-stream\lib\_stream_writable.js:381:5)
    at Writable.write (D:\src\nvm\v22.22.0\node_modules\firebase-tools\node_modules\winston-transport\node_modules\readable-stream\lib\_stream_writable.js:302:11)
    at DerivedLogger.ondata (D:\src\nvm\v22.22.0\node_modules\firebase-tools\node_modules\winston\node_modules\readable-stream\lib\_stream_readable.js:629:20)
[error] 
[error] Error: An unexpected error has occurred.
[debug] [2026-04-25T16:59:53.056Z] Error: EPIPE: broken pipe, write
    at Socket._write (node:internal/net:63:18)
    at writeOrBuffer (node:internal/streams/writable:572:12)
    at _write (node:internal/streams/writable:501:10)
    at Writable.write (node:internal/streams/writable:510:10)
    at Console.log (D:\src\nvm\v22.22.0\node_modules\firebase-tools\node_modules\winston\lib\winston\transports\console.js:87:23)
    at Console._write (D:\src\nvm\v22.22.0\node_modules\firebase-tools\node_modules\winston-transport\modern.js:103:17)
    at doWrite (D:\src\nvm\v22.22.0\node_modules\firebase-tools\node_modules\winston-transport\node_modules\readable-stream\lib\_stream_writable.js:390:139)
    at writeOrBuffer (D:\src\nvm\v22.22.0\node_modules\firebase-tools\node_modules\winston-transport\node_modules\readable-stream\lib\_stream_writable.js:381:5)
    at Writable.write (D:\src\nvm\v22.22.0\node_modules\firebase-tools\node_modules\winston-transport\node_modules\readable-stream\lib\_stream_writable.js:302:11)
    at DerivedLogger.ondata (D:\src\nvm\v22.22.0\node_modules\firebase-tools\node_modules\winston\node_modules\readable-stream\lib\_stream_readable.js:629:20)
[error] 
[error] Error: An unexpected error has occurred.
[debug] [2026-04-25T16:59:53.057Z] Error: EPIPE: broken pipe, write
    at Socket._write (node:internal/net:63:18)
    at writeOrBuffer (node:internal/streams/writable:572:12)
    at _write (node:internal/streams/writable:501:10)
    at Writable.write (node:internal/streams/writable:510:10)
    at Console.log (D:\src\nvm\v22.22.0\node_modules\firebase-tools\node_modules\winston\lib\winston\transports\console.js:87:23)
    at Console._write (D:\src\nvm\v22.22.0\node_modules\firebase-tools\node_modules\winston-transport\modern.js:103:17)
    at doWrite (D:\src\nvm\v22.22.0\node_modules\firebase-tools\node_modules\winston-transport\node_modules\readable-stream\lib\_stream_writable.js:390:139)
    at writeOrBuffer (D:\src\nvm\v22.22.0\node_modules\firebase-tools\node_modules\winston-transport\node_modules\readable-stream\lib\_stream_writable.js:381:5)
    at Writable.write (D:\src\nvm\v22.22.0\node_modules\firebase-tools\node_modules\winston-transport\node_modules\readable-stream\lib\_stream_writable.js:302:11)
    at DerivedLogger.ondata (D:\src\nvm\v22.22.0\node_modules\firebase-tools\node_modules\winston\node_modules\readable-stream\lib\_stream_readable.js:629:20)
[error] 
[error] Error: An unexpected error has occurred.
[debug] [2026-04-25T16:59:53.058Z] Error: EPIPE: broken pipe, write
    at Socket._write (node:internal/net:63:18)
    at writeOrBuffer (node:internal/streams/writable:572:12)
    at _write (node:internal/streams/writable:501:10)
    at Writable.write (node:internal/streams/writable:510:10)
    at Console.log (D:\src\nvm\v22.22.0\node_modules\firebase-tools\node_modules\winston\lib\winston\transports\console.js:87:23)
    at Console._write (D:\src\nvm\v22.22.0\node_modules\firebase-tools\node_modules\winston-transport\modern.js:103:17)
    at doWrite (D:\src\nvm\v22.22.0\node_modules\firebase-tools\node_modules\winston-transport\node_modules\readable-stream\lib\_stream_writable.js:390:139)
    at writeOrBuffer (D:\src\nvm\v22.22.0\node_modules\firebase-tools\node_modules\winston-transport\node_modules\readable-stream\lib\_stream_writable.js:381:5)
    at Writable.write (D:\src\nvm\v22.22.0\node_modules\firebase-tools\node_modules\winston-transport\node_modules\readable-stream\lib\_stream_writable.js:302:11)
    at DerivedLogger.ondata (D:\src\nvm\v22.22.0\node_modules\firebase-tools\node_modules\winston\node_modules\readable-stream\lib\_stream_readable.js:629:20)
[error] 
[error] Error: An unexpected error has occurred.
[debug] [2026-04-25T16:59:53.058Z] Error: EPIPE: broken pipe, write
    at Socket._write (node:internal/net:63:18)
    at writeOrBuffer (node:internal/streams/writable:572:12)
    at _write (node:internal/streams/writable:501:10)
    at Writable.write (node:internal/streams/writable:510:10)
    at Console.log (D:\src\nvm\v22.22.0\node_modules\firebase-tools\node_modules\winston\lib\winston\transports\console.js:87:23)
    at Console._write (D:\src\nvm\v22.22.0\node_modules\firebase-tools\node_modules\winston-transport\modern.js:103:17)
    at doWrite (D:\src\nvm\v22.22.0\node_modules\firebase-tools\node_modules\winston-transport\node_modules\readable-stream\lib\_stream_writable.js:390:139)
    at writeOrBuffer (D:\src\nvm\v22.22.0\node_modules\firebase-tools\node_modules\winston-transport\node_modules\readable-stream\lib\_stream_writable.js:381:5)
    at Writable.write (D:\src\nvm\v22.22.0\node_modules\firebase-tools\node_modules\winston-transport\node_modules\readable-stream\lib\_stream_writable.js:302:11)
    at DerivedLogger.ondata (D:\src\nvm\v22.22.0\node_modules\firebase-tools\node_modules\winston\node_modules\readable-stream\lib\_stream_readable.js:629:20)
[error] 
[error] Error: An unexpected error has occurred.
[debug] [2026-04-25T16:59:53.059Z] Error: EPIPE: broken pipe, write
    at Socket._write (node:internal/net:63:18)
    at writeOrBuffer (node:internal/streams/writable:572:12)
    at _write (node:internal/streams/writable:501:10)
    at Writable.write (node:internal/streams/writable:510:10)
    at Console.log (D:\src\nvm\v22.22.0\node_modules\firebase-tools\node_modules\winston\lib\winston\transports\console.js:87:23)
    at Console._write (D:\src\nvm\v22.22.0\node_modules\firebase-tools\node_modules\winston-transport\modern.js:103:17)
    at doWrite (D:\src\nvm\v22.22.0\node_modules\firebase-tools\node_modules\winston-transport\node_modules\readable-stream\lib\_stream_writable.js:390:139)
    at writeOrBuffer (D:\src\nvm\v22.22.0\node_modules\firebase-tools\node_modules\winston-transport\node_modules\readable-stream\lib\_stream_writable.js:381:5)
    at Writable.write (D:\src\nvm\v22.22.0\node_modules\firebase-tools\node_modules\winston-transport\node_modules\readable-stream\lib\_stream_writable.js:302:11)
    at DerivedLogger.ondata (D:\src\nvm\v22.22.0\node_modules\firebase-tools\node_modules\winston\node_modules\readable-stream\lib\_stream_readable.js:629:20)
[error] 
[error] Error: An unexpected error has occurred.
[debug] [2026-04-25T16:59:53.060Z] Error: EPIPE: broken pipe, write
    at Socket._write (node:internal/net:63:18)
    at writeOrBuffer (node:internal/streams/writable:572:12)
    at _write (node:internal/streams/writable:501:10)
    at Writable.write (node:internal/streams/writable:510:10)
    at Console.log (D:\src\nvm\v22.22.0\node_modules\firebase-tools\node_modules\winston\lib\winston\transports\console.js:87:23)
    at Console._write (D:\src\nvm\v22.22.0\node_modules\firebase-tools\node_modules\winston-transport\modern.js:103:17)
    at doWrite (D:\src\nvm\v22.22.0\node_modules\firebase-tools\node_modules\winston-transport\node_modules\readable-stream\lib\_stream_writable.js:390:139)
    at writeOrBuffer (D:\src\nvm\v22.22.0\node_modules\firebase-tools\node_modules\winston-transport\node_modules\readable-stream\lib\_stream_writable.js:381:5)
    at Writable.write (D:\src\nvm\v22.22.0\node_modules\firebase-tools\node_modules\winston-transport\node_modules\readable-stream\lib\_stream_writable.js:302:11)
    at DerivedLogger.ondata (D:\src\nvm\v22.22.0\node_modules\firebase-tools\node_modules\winston\node_modules\readable-stream\lib\_stream_readable.js:629:20)
[error] 
[error] Error: An unexpected error has occurred.
[debug] [2026-04-25T16:59:53.063Z] Error: EPIPE: broken pipe, write
    at Socket._write (node:internal/net:63:18)
    at writeOrBuffer (node:internal/streams/writable:572:12)
    at _write (node:internal/streams/writable:501:10)
    at Writable.write (node:internal/streams/writable:510:10)
    at Console.log (D:\src\nvm\v22.22.0\node_modules\firebase-tools\node_modules\winston\lib\winston\transports\console.js:87:23)
    at Console._write (D:\src\nvm\v22.22.0\node_modules\firebase-tools\node_modules\winston-transport\modern.js:103:17)
    at doWrite (D:\src\nvm\v22.22.0\node_modules\firebase-tools\node_modules\winston-transport\node_modules\readable-stream\lib\_stream_writable.js:390:139)
    at writeOrBuffer (D:\src\nvm\v22.22.0\node_modules\firebase-tools\node_modules\winston-transport\node_modules\readable-stream\lib\_stream_writable.js:381:5)
    at Writable.write (D:\src\nvm\v22.22.0\node_modules\firebase-tools\node_modules\winston-transport\node_modules\readable-stream\lib\_stream_writable.js:302:11)
    at DerivedLogger.ondata (D:\src\nvm\v22.22.0\node_modules\firebase-tools\node_modules\winston\node_modules\readable-stream\lib\_stream_readable.js:629:20)
[error] 
[error] Error: An unexpected error has occurred.
[debug] [2026-04-25T16:59:53.064Z] Error: EPIPE: broken pipe, write
    at Socket._write (node:internal/net:63:18)
    at writeOrBuffer (node:internal/streams/writable:572:12)
    at _write (node:internal/streams/writable:501:10)
    at Writable.write (node:internal/streams/writable:510:10)
    at Console.log (D:\src\nvm\v22.22.0\node_modules\firebase-tools\node_modules\winston\lib\winston\transports\console.js:87:23)
    at Console._write (D:\src\nvm\v22.22.0\node_modules\firebase-tools\node_modules\winston-transport\modern.js:103:17)
    at doWrite (D:\src\nvm\v22.22.0\node_modules\firebase-tools\node_modules\winston-transport\node_modules\readable-stream\lib\_stream_writable.js:390:139)
    at writeOrBuffer (D:\src\nvm\v22.22.0\node_modules\firebase-tools\node_modules\winston-transport\node_modules\readable-stream\lib\_stream_writable.js:381:5)
    at Writable.write (D:\src\nvm\v22.22.0\node_modules\firebase-tools\node_modules\winston-transport\node_modules\readable-stream\lib\_stream_writable.js:302:11)
    at DerivedLogger.ondata (D:\src\nvm\v22.22.0\node_modules\firebase-tools\node_modules\winston\node_modules\readable-stream\lib\_stream_readable.js:629:20)
[error] 
[error] Error: An unexpected error has occurred.
[debug] [2026-04-25T16:59:53.066Z] Error: EPIPE: broken pipe, write
    at Socket._write (node:internal/net:63:18)
    at writeOrBuffer (node:internal/streams/writable:572:12)
    at _write (node:internal/streams/writable:501:10)
    at Writable.write (node:internal/streams/writable:510:10)
    at Console.log (D:\src\nvm\v22.22.0\node_modules\firebase-tools\node_modules\winston\lib\winston\transports\console.js:87:23)
    at Console._write (D:\src\nvm\v22.22.0\node_modules\firebase-tools\node_modules\winston-transport\modern.js:103:17)
    at doWrite (D:\src\nvm\v22.22.0\node_modules\firebase-tools\node_modules\winston-transport\node_modules\readable-stream\lib\_stream_writable.js:390:139)
    at writeOrBuffer (D:\src\nvm\v22.22.0\node_modules\firebase-tools\node_modules\winston-transport\node_modules\readable-stream\lib\_stream_writable.js:381:5)
    at Writable.write (D:\src\nvm\v22.22.0\node_modules\firebase-tools\node_modules\winston-transport\node_modules\readable-stream\lib\_stream_writable.js:302:11)
    at DerivedLogger.ondata (D:\src\nvm\v22.22.0\node_modules\firebase-tools\node_modules\winston\node_modules\readable-stream\lib\_stream_readable.js:629:20)
[error] 
[error] Error: An unexpected error has occurred.
[debug] [2026-04-25T16:59:53.067Z] Error: EPIPE: broken pipe, write
    at Socket._write (node:internal/net:63:18)
    at writeOrBuffer (node:internal/streams/writable:572:12)
    at _write (node:internal/streams/writable:501:10)
    at Writable.write (node:internal/streams/writable:510:10)
    at Console.log (D:\src\nvm\v22.22.0\node_modules\firebase-tools\node_modules\winston\lib\winston\transports\console.js:87:23)
    at Console._write (D:\src\nvm\v22.22.0\node_modules\firebase-tools\node_modules\winston-transport\modern.js:103:17)
    at doWrite (D:\src\nvm\v22.22.0\node_modules\firebase-tools\node_modules\winston-transport\node_modules\readable-stream\lib\_stream_writable.js:390:139)
    at writeOrBuffer (D:\src\nvm\v22.22.0\node_modules\firebase-tools\node_modules\winston-transport\node_modules\readable-stream\lib\_stream_writable.js:381:5)
    at Writable.write (D:\src\nvm\v22.22.0\node_modules\firebase-tools\node_modules\winston-transport\node_modules\readable-stream\lib\_stream_writable.js:302:11)
    at DerivedLogger.ondata (D:\src\nvm\v22.22.0\node_modules\firebase-tools\node_modules\winston\node_modules\readable-stream\lib\_stream_readable.js:629:20)
[error] 
[error] Error: An unexpected error has occurred.
[debug] [2026-04-25T16:59:53.068Z] Error: EPIPE: broken pipe, write
    at Socket._write (node:internal/net:63:18)
    at writeOrBuffer (node:internal/streams/writable:572:12)
    at _write (node:internal/streams/writable:501:10)
    at Writable.write (node:internal/streams/writable:510:10)
    at Console.log (D:\src\nvm\v22.22.0\node_modules\firebase-tools\node_modules\winston\lib\winston\transports\console.js:87:23)
    at Console._write (D:\src\nvm\v22.22.0\node_modules\firebase-tools\node_modules\winston-transport\modern.js:103:17)
    at doWrite (D:\src\nvm\v22.22.0\node_modules\firebase-tools\node_modules\winston-transport\node_modules\readable-stream\lib\_stream_writable.js:390:139)
    at writeOrBuffer (D:\src\nvm\v22.22.0\node_modules\firebase-tools\node_modules\winston-transport\node_modules\readable-stream\lib\_stream_writable.js:381:5)
    at Writable.write (D:\src\nvm\v22.22.0\node_modules\firebase-tools\node_modules\winston-transport\node_modules\readable-stream\lib\_stream_writable.js:302:11)
    at DerivedLogger.ondata (D:\src\nvm\v22.22.0\node_modules\firebase-tools\node_modules\winston\node_modules\readable-stream\lib\_stream_readable.js:629:20)
[error] 
[error] Error: An unexpected error has occurred.
[debug] [2026-04-25T16:59:53.068Z] Error: EPIPE: broken pipe, write
    at Socket._write (node:internal/net:63:18)
    at writeOrBuffer (node:internal/streams/writable:572:12)
    at _write (node:internal/streams/writable:501:10)
    at Writable.write (node:internal/streams/writable:510:10)
    at Console.log (D:\src\nvm\v22.22.0\node_modules\firebase-tools\node_modules\winston\lib\winston\transports\console.js:87:23)
    at Console._write (D:\src\nvm\v22.22.0\node_modules\firebase-tools\node_modules\winston-transport\modern.js:103:17)
    at doWrite (D:\src\nvm\v22.22.0\node_modules\firebase-tools\node_modules\winston-transport\node_modules\readable-stream\lib\_stream_writable.js:390:139)
    at writeOrBuffer (D:\src\nvm\v22.22.0\node_modules\firebase-tools\node_modules\winston-transport\node_modules\readable-stream\lib\_stream_writable.js:381:5)
    at Writable.write (D:\src\nvm\v22.22.0\node_modules\firebase-tools\node_modules\winston-transport\node_modules\readable-stream\lib\_stream_writable.js:302:11)
    at DerivedLogger.ondata (D:\src\nvm\v22.22.0\node_modules\firebase-tools\node_modules\winston\node_modules\readable-stream\lib\_stream_readable.js:629:20)
[error] 
[error] Error: An unexpected error has occurred.
[debug] [2026-04-25T16:59:53.069Z] Error: EPIPE: broken pipe, write
    at Socket._write (node:internal/net:63:18)
    at writeOrBuffer (node:internal/streams/writable:572:12)
    at _write (node:internal/streams/writable:501:10)
    at Writable.write (node:internal/streams/writable:510:10)
    at Console.log (D:\src\nvm\v22.22.0\node_modules\firebase-tools\node_modules\winston\lib\winston\transports\console.js:87:23)
    at Console._write (D:\src\nvm\v22.22.0\node_modules\firebase-tools\node_modules\winston-transport\modern.js:103:17)
    at doWrite (D:\src\nvm\v22.22.0\node_modules\firebase-tools\node_modules\winston-transport\node_modules\readable-stream\lib\_stream_writable.js:390:139)
    at writeOrBuffer (D:\src\nvm\v22.22.0\node_modules\firebase-tools\node_modules\winston-transport\node_modules\readable-stream\lib\_stream_writable.js:381:5)
    at Writable.write (D:\src\nvm\v22.22.0\node_modules\firebase-tools\node_modules\winston-transport\node_modules\readable-stream\lib\_stream_writable.js:302:11)
    at DerivedLogger.ondata (D:\src\nvm\v22.22.0\node_modules\firebase-tools\node_modules\winston\node_modules\readable-stream\lib\_stream_readable.js:629:20)
[error] 
[error] Error: An unexpected error has occurred.
[debug] [2026-04-25T16:59:53.070Z] Error: EPIPE: broken pipe, write
    at Socket._write (node:internal/net:63:18)
    at writeOrBuffer (node:internal/streams/writable:572:12)
    at _write (node:internal/streams/writable:501:10)
    at Writable.write (node:internal/streams/writable:510:10)
    at Console.log (D:\src\nvm\v22.22.0\node_modules\firebase-tools\node_modules\winston\lib\winston\transports\console.js:87:23)
    at Console._write (D:\src\nvm\v22.22.0\node_modules\firebase-tools\node_modules\winston-transport\modern.js:103:17)
    at doWrite (D:\src\nvm\v22.22.0\node_modules\firebase-tools\node_modules\winston-transport\node_modules\readable-stream\lib\_stream_writable.js:390:139)
    at writeOrBuffer (D:\src\nvm\v22.22.0\node_modules\firebase-tools\node_modules\winston-transport\node_modules\readable-stream\lib\_stream_writable.js:381:5)
    at Writable.write (D:\src\nvm\v22.22.0\node_modules\firebase-tools\node_modules\winston-transport\node_modules\readable-stream\lib\_stream_writable.js:302:11)
    at DerivedLogger.ondata (D:\src\nvm\v22.22.0\node_modules\firebase-tools\node_modules\winston\node_modules\readable-stream\lib\_stream_readable.js:629:20)
[error] 
[error] Error: An unexpected error has occurred.
[debug] [2026-04-25T16:59:53.071Z] Error: EPIPE: broken pipe, write
    at Socket._write (node:internal/net:63:18)
    at writeOrBuffer (node:internal/streams/writable:572:12)
    at _write (node:internal/streams/writable:501:10)
    at Writable.write (node:internal/streams/writable:510:10)
    at Console.log (D:\src\nvm\v22.22.0\node_modules\firebase-tools\node_modules\winston\lib\winston\transports\console.js:87:23)
    at Console._write (D:\src\nvm\v22.22.0\node_modules\firebase-tools\node_modules\winston-transport\modern.js:103:17)
    at doWrite (D:\src\nvm\v22.22.0\node_modules\firebase-tools\node_modules\winston-transport\node_modules\readable-stream\lib\_stream_writable.js:390:139)
    at writeOrBuffer (D:\src\nvm\v22.22.0\node_modules\firebase-tools\node_modules\winston-transport\node_modules\readable-stream\lib\_stream_writable.js:381:5)
    at Writable.write (D:\src\nvm\v22.22.0\node_modules\firebase-tools\node_modules\winston-transport\node_modules\readable-stream\lib\_stream_writable.js:302:11)
    at DerivedLogger.ondata (D:\src\nvm\v22.22.0\node_modules\firebase-tools\node_modules\winston\node_modules\readable-stream\lib\_stream_readable.js:629:20)
[error] 
[error] Error: An unexpected error has occurred.
[debug] [2026-04-25T16:59:53.072Z] Error: EPIPE: broken pipe, write
    at Socket._write (node:internal/net:63:18)
    at writeOrBuffer (node:internal/streams/writable:572:12)
    at _write (node:internal/streams/writable:501:10)
    at Writable.write (node:internal/streams/writable:510:10)
    at Console.log (D:\src\nvm\v22.22.0\node_modules\firebase-tools\node_modules\winston\lib\winston\transports\console.js:87:23)
    at Console._write (D:\src\nvm\v22.22.0\node_modules\firebase-tools\node_modules\winston-transport\modern.js:103:17)
    at doWrite (D:\src\nvm\v22.22.0\node_modules\firebase-tools\node_modules\winston-transport\node_modules\readable-stream\lib\_stream_writable.js:390:139)
    at writeOrBuffer (D:\src\nvm\v22.22.0\node_modules\firebase-tools\node_modules\winston-transport\node_modules\readable-stream\lib\_stream_writable.js:381:5)
    at Writable.write (D:\src\nvm\v22.22.0\node_modules\firebase-tools\node_modules\winston-transport\node_modules\readable-stream\lib\_stream_writable.js:302:11)
    at DerivedLogger.ondata (D:\src\nvm\v22.22.0\node_modules\firebase-tools\node_modules\winston\node_modules\readable-stream\lib\_stream_readable.js:629:20)
[error] 
[error] Error: An unexpected error has occurred.
[debug] [2026-04-25T16:59:53.073Z] Error: EPIPE: broken pipe, write
    at Socket._write (node:internal/net:63:18)
    at writeOrBuffer (node:internal/streams/writable:572:12)
    at _write (node:internal/streams/writable:501:10)
    at Writable.write (node:internal/streams/writable:510:10)
    at Console.log (D:\src\nvm\v22.22.0\node_modules\firebase-tools\node_modules\winston\lib\winston\transports\console.js:87:23)
    at Console._write (D:\src\nvm\v22.22.0\node_modules\firebase-tools\node_modules\winston-transport\modern.js:103:17)
    at doWrite (D:\src\nvm\v22.22.0\node_modules\firebase-tools\node_modules\winston-transport\node_modules\readable-stream\lib\_stream_writable.js:390:139)
    at writeOrBuffer (D:\src\nvm\v22.22.0\node_modules\firebase-tools\node_modules\winston-transport\node_modules\readable-stream\lib\_stream_writable.js:381:5)
    at Writable.write (D:\src\nvm\v22.22.0\node_modules\firebase-tools\node_modules\winston-transport\node_modules\readable-stream\lib\_stream_writable.js:302:11)
    at DerivedLogger.ondata (D:\src\nvm\v22.22.0\node_modules\firebase-tools\node_modules\winston\node_modules\readable-stream\lib\_stream_readable.js:629:20)
[error] 
[error] Error: An unexpected error has occurred.
[debug] [2026-04-25T16:59:53.074Z] Error: EPIPE: broken pipe, write
    at Socket._write (node:internal/net:63:18)
    at writeOrBuffer (node:internal/streams/writable:572:12)
    at _write (node:internal/streams/writable:501:10)
    at Writable.write (node:internal/streams/writable:510:10)
    at Console.log (D:\src\nvm\v22.22.0\node_modules\firebase-tools\node_modules\winston\lib\winston\transports\console.js:87:23)
    at Console._write (D:\src\nvm\v22.22.0\node_modules\firebase-tools\node_modules\winston-transport\modern.js:103:17)
    at doWrite (D:\src\nvm\v22.22.0\node_modules\firebase-tools\node_modules\winston-transport\node_modules\readable-stream\lib\_stream_writable.js:390:139)
    at writeOrBuffer (D:\src\nvm\v22.22.0\node_modules\firebase-tools\node_modules\winston-transport\node_modules\readable-stream\lib\_stream_writable.js:381:5)
    at Writable.write (D:\src\nvm\v22.22.0\node_modules\firebase-tools\node_modules\winston-transport\node_modules\readable-stream\lib\_stream_writable.js:302:11)
    at DerivedLogger.ondata (D:\src\nvm\v22.22.0\node_modules\firebase-tools\node_modules\winston\node_modules\readable-stream\lib\_stream_readable.js:629:20)
[error] 
[error] Error: An unexpected error has occurred.
[debug] [2026-04-25T16:59:53.075Z] Error: EPIPE: broken pipe, write
    at Socket._write (node:internal/net:63:18)
    at writeOrBuffer (node:internal/streams/writable:572:12)
    at _write (node:internal/streams/writable:501:10)
    at Writable.write (node:internal/streams/writable:510:10)
    at Console.log (D:\src\nvm\v22.22.0\node_modules\firebase-tools\node_modules\winston\lib\winston\transports\console.js:87:23)
    at Console._write (D:\src\nvm\v22.22.0\node_modules\firebase-tools\node_modules\winston-transport\modern.js:103:17)
    at doWrite (D:\src\nvm\v22.22.0\node_modules\firebase-tools\node_modules\winston-transport\node_modules\readable-stream\lib\_stream_writable.js:390:139)
    at writeOrBuffer (D:\src\nvm\v22.22.0\node_modules\firebase-tools\node_modules\winston-transport\node_modules\readable-stream\lib\_stream_writable.js:381:5)
    at Writable.write (D:\src\nvm\v22.22.0\node_modules\firebase-tools\node_modules\winston-transport\node_modules\readable-stream\lib\_stream_writable.js:302:11)
    at DerivedLogger.ondata (D:\src\nvm\v22.22.0\node_modules\firebase-tools\node_modules\winston\node_modules\readable-stream\lib\_stream_readable.js:629:20)
[error] 
[error] Error: An unexpected error has occurred.
[debug] [2026-04-25T16:59:53.076Z] Error: EPIPE: broken pipe, write
    at Socket._write (node:internal/net:63:18)
    at writeOrBuffer (node:internal/streams/writable:572:12)
    at _write (node:internal/streams/writable:501:10)
    at Writable.write (node:internal/streams/writable:510:10)
    at Console.log (D:\src\nvm\v22.22.0\node_modules\firebase-tools\node_modules\winston\lib\winston\transports\console.js:87:23)
    at Console._write (D:\src\nvm\v22.22.0\node_modules\firebase-tools\node_modules\winston-transport\modern.js:103:17)
    at doWrite (D:\src\nvm\v22.22.0\node_modules\firebase-tools\node_modules\winston-transport\node_modules\readable-stream\lib\_stream_writable.js:390:139)
    at writeOrBuffer (D:\src\nvm\v22.22.0\node_modules\firebase-tools\node_modules\winston-transport\node_modules\readable-stream\lib\_stream_writable.js:381:5)
    at Writable.write (D:\src\nvm\v22.22.0\node_modules\firebase-tools\node_modules\winston-transport\node_modules\readable-stream\lib\_stream_writable.js:302:11)
    at DerivedLogger.ondata (D:\src\nvm\v22.22.0\node_modules\firebase-tools\node_modules\winston\node_modules\readable-stream\lib\_stream_readable.js:629:20)
[error] 
[error] Error: An unexpected error has occurred.
[debug] [2026-04-25T16:59:53.093Z] Error: EPIPE: broken pipe, write
    at Socket._write (node:internal/net:63:18)
    at writeOrBuffer (node:internal/streams/writable:572:12)
    at _write (node:internal/streams/writable:501:10)
    at Writable.write (node:internal/streams/writable:510:10)
    at Console.log (D:\src\nvm\v22.22.0\node_modules\firebase-tools\node_modules\winston\lib\winston\transports\console.js:87:23)
    at Console._write (D:\src\nvm\v22.22.0\node_modules\firebase-tools\node_modules\winston-transport\modern.js:103:17)
    at doWrite (D:\src\nvm\v22.22.0\node_modules\firebase-tools\node_modules\winston-transport\node_modules\readable-stream\lib\_stream_writable.js:390:139)
    at writeOrBuffer (D:\src\nvm\v22.22.0\node_modules\firebase-tools\node_modules\winston-transport\node_modules\readable-stream\lib\_stream_writable.js:381:5)
    at Writable.write (D:\src\nvm\v22.22.0\node_modules\firebase-tools\node_modules\winston-transport\node_modules\readable-stream\lib\_stream_writable.js:302:11)
    at DerivedLogger.ondata (D:\src\nvm\v22.22.0\node_modules\firebase-tools\node_modules\winston\node_modules\readable-stream\lib\_stream_readable.js:629:20)
[error] 
[error] Error: An unexpected error has occurred.
[debug] [2026-04-25T16:59:53.094Z] Error: EPIPE: broken pipe, write
    at Socket._write (node:internal/net:63:18)
    at writeOrBuffer (node:internal/streams/writable:572:12)
    at _write (node:internal/streams/writable:501:10)
    at Writable.write (node:internal/streams/writable:510:10)
    at Console.log (D:\src\nvm\v22.22.0\node_modules\firebase-tools\node_modules\winston\lib\winston\transports\console.js:87:23)
    at Console._write (D:\src\nvm\v22.22.0\node_modules\firebase-tools\node_modules\winston-transport\modern.js:103:17)
    at doWrite (D:\src\nvm\v22.22.0\node_modules\firebase-tools\node_modules\winston-transport\node_modules\readable-stream\lib\_stream_writable.js:390:139)
    at writeOrBuffer (D:\src\nvm\v22.22.0\node_modules\firebase-tools\node_modules\winston-transport\node_modules\readable-stream\lib\_stream_writable.js:381:5)
    at Writable.write (D:\src\nvm\v22.22.0\node_modules\firebase-tools\node_modules\winston-transport\node_modules\readable-stream\lib\_stream_writable.js:302:11)
    at DerivedLogger.ondata (D:\src\nvm\v22.22.0\node_modules\firebase-tools\node_modules\winston\node_modules\readable-stream\lib\_stream_readable.js:629:20)
[error] 
[error] Error: An unexpected error has occurred.
[debug] [2026-04-25T16:59:53.095Z] Error: EPIPE: broken pipe, write
    at Socket._write (node:internal/net:63:18)
    at writeOrBuffer (node:internal/streams/writable:572:12)
    at _write (node:internal/streams/writable:501:10)
    at Writable.write (node:internal/streams/writable:510:10)
    at Console.log (D:\src\nvm\v22.22.0\node_modules\firebase-tools\node_modules\winston\lib\winston\transports\console.js:87:23)
    at Console._write (D:\src\nvm\v22.22.0\node_modules\firebase-tools\node_modules\winston-transport\modern.js:103:17)
    at doWrite (D:\src\nvm\v22.22.0\node_modules\firebase-tools\node_modules\winston-transport\node_modules\readable-stream\lib\_stream_writable.js:390:139)
    at writeOrBuffer (D:\src\nvm\v22.22.0\node_modules\firebase-tools\node_modules\winston-transport\node_modules\readable-stream\lib\_stream_writable.js:381:5)
    at Writable.write (D:\src\nvm\v22.22.0\node_modules\firebase-tools\node_modules\winston-transport\node_modules\readable-stream\lib\_stream_writable.js:302:11)
    at DerivedLogger.ondata (D:\src\nvm\v22.22.0\node_modules\firebase-tools\node_modules\winston\node_modules\readable-stream\lib\_stream_readable.js:629:20)
[error] 
[error] Error: An unexpected error has occurred.
[debug] [2026-04-25T16:59:53.095Z] Error: EPIPE: broken pipe, write
    at Socket._write (node:internal/net:63:18)
    at writeOrBuffer (node:internal/streams/writable:572:12)
    at _write (node:internal/streams/writable:501:10)
    at Writable.write (node:internal/streams/writable:510:10)
    at Console.log (D:\src\nvm\v22.22.0\node_modules\firebase-tools\node_modules\winston\lib\winston\transports\console.js:87:23)
    at Console._write (D:\src\nvm\v22.22.0\node_modules\firebase-tools\node_modules\winston-transport\modern.js:103:17)
    at doWrite (D:\src\nvm\v22.22.0\node_modules\firebase-tools\node_modules\winston-transport\node_modules\readable-stream\lib\_stream_writable.js:390:139)
    at writeOrBuffer (D:\src\nvm\v22.22.0\node_modules\firebase-tools\node_modules\winston-transport\node_modules\readable-stream\lib\_stream_writable.js:381:5)
    at Writable.write (D:\src\nvm\v22.22.0\node_modules\firebase-tools\node_modules\winston-transport\node_modules\readable-stream\lib\_stream_writable.js:302:11)
    at DerivedLogger.ondata (D:\src\nvm\v22.22.0\node_modules\firebase-tools\node_modules\winston\node_modules\readable-stream\lib\_stream_readable.js:629:20)
[error] 
[error] Error: An unexpected error has occurred.
[debug] [2026-04-25T16:59:53.097Z] Error: EPIPE: broken pipe, write
    at Socket._write (node:internal/net:63:18)
    at writeOrBuffer (node:internal/streams/writable:572:12)
    at _write (node:internal/streams/writable:501:10)
    at Writable.write (node:internal/streams/writable:510:10)
    at Console.log (D:\src\nvm\v22.22.0\node_modules\firebase-tools\node_modules\winston\lib\winston\transports\console.js:87:23)
    at Console._write (D:\src\nvm\v22.22.0\node_modules\firebase-tools\node_modules\winston-transport\modern.js:103:17)
    at doWrite (D:\src\nvm\v22.22.0\node_modules\firebase-tools\node_modules\winston-transport\node_modules\readable-stream\lib\_stream_writable.js:390:139)
    at writeOrBuffer (D:\src\nvm\v22.22.0\node_modules\firebase-tools\node_modules\winston-transport\node_modules\readable-stream\lib\_stream_writable.js:381:5)
    at Writable.write (D:\src\nvm\v22.22.0\node_modules\firebase-tools\node_modules\winston-transport\node_modules\readable-stream\lib\_stream_writable.js:302:11)
    at DerivedLogger.ondata (D:\src\nvm\v22.22.0\node_modules\firebase-tools\node_modules\winston\node_modules\readable-stream\lib\_stream_readable.js:629:20)
[error] 
[error] Error: An unexpected error has occurred.
[debug] [2026-04-25T16:59:53.098Z] Error: EPIPE: broken pipe, write
    at Socket._write (node:internal/net:63:18)
    at writeOrBuffer (node:internal/streams/writable:572:12)
    at _write (node:internal/streams/writable:501:10)
    at Writable.write (node:internal/streams/writable:510:10)
    at Console.log (D:\src\nvm\v22.22.0\node_modules\firebase-tools\node_modules\winston\lib\winston\transports\console.js:87:23)
    at Console._write (D:\src\nvm\v22.22.0\node_modules\firebase-tools\node_modules\winston-transport\modern.js:103:17)
    at doWrite (D:\src\nvm\v22.22.0\node_modules\firebase-tools\node_modules\winston-transport\node_modules\readable-stream\lib\_stream_writable.js:390:139)
    at writeOrBuffer (D:\src\nvm\v22.22.0\node_modules\firebase-tools\node_modules\winston-transport\node_modules\readable-stream\lib\_stream_writable.js:381:5)
    at Writable.write (D:\src\nvm\v22.22.0\node_modules\firebase-tools\node_modules\winston-transport\node_modules\readable-stream\lib\_stream_writable.js:302:11)
    at DerivedLogger.ondata (D:\src\nvm\v22.22.0\node_modules\firebase-tools\node_modules\winston\node_modules\readable-stream\lib\_stream_readable.js:629:20)
[error] 
[error] Error: An unexpected error has occurred.
[debug] [2026-04-25T16:59:53.099Z] Error: EPIPE: broken pipe, write
    at Socket._write (node:internal/net:63:18)
    at writeOrBuffer (node:internal/streams/writable:572:12)
    at _write (node:internal/streams/writable:501:10)
    at Writable.write (node:internal/streams/writable:510:10)
    at Console.log (D:\src\nvm\v22.22.0\node_modules\firebase-tools\node_modules\winston\lib\winston\transports\console.js:87:23)
    at Console._write (D:\src\nvm\v22.22.0\node_modules\firebase-tools\node_modules\winston-transport\modern.js:103:17)
    at doWrite (D:\src\nvm\v22.22.0\node_modules\firebase-tools\node_modules\winston-transport\node_modules\readable-stream\lib\_stream_writable.js:390:139)
    at writeOrBuffer (D:\src\nvm\v22.22.0\node_modules\firebase-tools\node_modules\winston-transport\node_modules\readable-stream\lib\_stream_writable.js:381:5)
    at Writable.write (D:\src\nvm\v22.22.0\node_modules\firebase-tools\node_modules\winston-transport\node_modules\readable-stream\lib\_stream_writable.js:302:11)
    at DerivedLogger.ondata (D:\src\nvm\v22.22.0\node_modules\firebase-tools\node_modules\winston\node_modules\readable-stream\lib\_stream_readable.js:629:20)
[error] 
[error] Error: An unexpected error has occurred.
[debug] [2026-04-25T16:59:53.100Z] Error: EPIPE: broken pipe, write
    at Socket._write (node:internal/net:63:18)
    at writeOrBuffer (node:internal/streams/writable:572:12)
    at _write (node:internal/streams/writable:501:10)
    at Writable.write (node:internal/streams/writable:510:10)
    at Console.log (D:\src\nvm\v22.22.0\node_modules\firebase-tools\node_modules\winston\lib\winston\transports\console.js:87:23)
    at Console._write (D:\src\nvm\v22.22.0\node_modules\firebase-tools\node_modules\winston-transport\modern.js:103:17)
    at doWrite (D:\src\nvm\v22.22.0\node_modules\firebase-tools\node_modules\winston-transport\node_modules\readable-stream\lib\_stream_writable.js:390:139)
    at writeOrBuffer (D:\src\nvm\v22.22.0\node_modules\firebase-tools\node_modules\winston-transport\node_modules\readable-stream\lib\_stream_writable.js:381:5)
    at Writable.write (D:\src\nvm\v22.22.0\node_modules\firebase-tools\node_modules\winston-transport\node_modules\readable-stream\lib\_stream_writable.js:302:11)
    at DerivedLogger.ondata (D:\src\nvm\v22.22.0\node_modules\firebase-tools\node_modules\winston\node_modules\readable-stream\lib\_stream_readable.js:629:20)
[error] 
[error] Error: An unexpected error has occurred.
[debug] [2026-04-25T16:59:53.100Z] Error: EPIPE: broken pipe, write
    at Socket._write (node:internal/net:63:18)
    at writeOrBuffer (node:internal/streams/writable:572:12)
    at _write (node:internal/streams/writable:501:10)
    at Writable.write (node:internal/streams/writable:510:10)
    at Console.log (D:\src\nvm\v22.22.0\node_modules\firebase-tools\node_modules\winston\lib\winston\transports\console.js:87:23)
    at Console._write (D:\src\nvm\v22.22.0\node_modules\firebase-tools\node_modules\winston-transport\modern.js:103:17)
    at doWrite (D:\src\nvm\v22.22.0\node_modules\firebase-tools\node_modules\winston-transport\node_modules\readable-stream\lib\_stream_writable.js:390:139)
    at writeOrBuffer (D:\src\nvm\v22.22.0\node_modules\firebase-tools\node_modules\winston-transport\node_modules\readable-stream\lib\_stream_writable.js:381:5)
    at Writable.write (D:\src\nvm\v22.22.0\node_modules\firebase-tools\node_modules\winston-transport\node_modules\readable-stream\lib\_stream_writable.js:302:11)
    at DerivedLogger.ondata (D:\src\nvm\v22.22.0\node_modules\firebase-tools\node_modules\winston\node_modules\readable-stream\lib\_stream_readable.js:629:20)
[error] 
[error] Error: An unexpected error has occurred.
[debug] [2026-04-25T16:59:53.101Z] Error: EPIPE: broken pipe, write
    at Socket._write (node:internal/net:63:18)
    at writeOrBuffer (node:internal/streams/writable:572:12)
    at _write (node:internal/streams/writable:501:10)
    at Writable.write (node:internal/streams/writable:510:10)
    at Console.log (D:\src\nvm\v22.22.0\node_modules\firebase-tools\node_modules\winston\lib\winston\transports\console.js:87:23)
    at Console._write (D:\src\nvm\v22.22.0\node_modules\firebase-tools\node_modules\winston-transport\modern.js:103:17)
    at doWrite (D:\src\nvm\v22.22.0\node_modules\firebase-tools\node_modules\winston-transport\node_modules\readable-stream\lib\_stream_writable.js:390:139)
    at writeOrBuffer (D:\src\nvm\v22.22.0\node_modules\firebase-tools\node_modules\winston-transport\node_modules\readable-stream\lib\_stream_writable.js:381:5)
    at Writable.write (D:\src\nvm\v22.22.0\node_modules\firebase-tools\node_modules\winston-transport\node_modules\readable-stream\lib\_stream_writable.js:302:11)
    at DerivedLogger.ondata (D:\src\nvm\v22.22.0\node_modules\firebase-tools\node_modules\winston\node_modules\readable-stream\lib\_stream_readable.js:629:20)
[error] 
[error] Error: An unexpected error has occurred.
[debug] [2026-04-25T16:59:53.102Z] Error: EPIPE: broken pipe, write
    at Socket._write (node:internal/net:63:18)
    at writeOrBuffer (node:internal/streams/writable:572:12)
    at _write (node:internal/streams/writable:501:10)
    at Writable.write (node:internal/streams/writable:510:10)
    at Console.log (D:\src\nvm\v22.22.0\node_modules\firebase-tools\node_modules\winston\lib\winston\transports\console.js:87:23)
    at Console._write (D:\src\nvm\v22.22.0\node_modules\firebase-tools\node_modules\winston-transport\modern.js:103:17)
    at doWrite (D:\src\nvm\v22.22.0\node_modules\firebase-tools\node_modules\winston-transport\node_modules\readable-stream\lib\_stream_writable.js:390:139)
    at writeOrBuffer (D:\src\nvm\v22.22.0\node_modules\firebase-tools\node_modules\winston-transport\node_modules\readable-stream\lib\_stream_writable.js:381:5)
    at Writable.write (D:\src\nvm\v22.22.0\node_modules\firebase-tools\node_modules\winston-transport\node_modules\readable-stream\lib\_stream_writable.js:302:11)
    at DerivedLogger.ondata (D:\src\nvm\v22.22.0\node_modules\firebase-tools\node_modules\winston\node_modules\readable-stream\lib\_stream_readable.js:629:20)
[error] 
[error] Error: An unexpected error has occurred.
[debug] [2026-04-25T16:59:53.103Z] Error: EPIPE: broken pipe, write
    at Socket._write (node:internal/net:63:18)
    at writeOrBuffer (node:internal/streams/writable:572:12)
    at _write (node:internal/streams/writable:501:10)
    at Writable.write (node:internal/streams/writable:510:10)
    at Console.log (D:\src\nvm\v22.22.0\node_modules\firebase-tools\node_modules\winston\lib\winston\transports\console.js:87:23)
    at Console._write (D:\src\nvm\v22.22.0\node_modules\firebase-tools\node_modules\winston-transport\modern.js:103:17)
    at doWrite (D:\src\nvm\v22.22.0\node_modules\firebase-tools\node_modules\winston-transport\node_modules\readable-stream\lib\_stream_writable.js:390:139)
    at writeOrBuffer (D:\src\nvm\v22.22.0\node_modules\firebase-tools\node_modules\winston-transport\node_modules\readable-stream\lib\_stream_writable.js:381:5)
    at Writable.write (D:\src\nvm\v22.22.0\node_modules\firebase-tools\node_modules\winston-transport\node_modules\readable-stream\lib\_stream_writable.js:302:11)
    at DerivedLogger.ondata (D:\src\nvm\v22.22.0\node_modules\firebase-tools\node_modules\winston\node_modules\readable-stream\lib\_stream_readable.js:629:20)
[error] 
[error] Error: An unexpected error has occurred.
[debug] [2026-04-25T16:59:53.104Z] Error: EPIPE: broken pipe, write
    at Socket._write (node:internal/net:63:18)
    at writeOrBuffer (node:internal/streams/writable:572:12)
    at _write (node:internal/streams/writable:501:10)
    at Writable.write (node:internal/streams/writable:510:10)
    at Console.log (D:\src\nvm\v22.22.0\node_modules\firebase-tools\node_modules\winston\lib\winston\transports\console.js:87:23)
    at Console._write (D:\src\nvm\v22.22.0\node_modules\firebase-tools\node_modules\winston-transport\modern.js:103:17)
    at doWrite (D:\src\nvm\v22.22.0\node_modules\firebase-tools\node_modules\winston-transport\node_modules\readable-stream\lib\_stream_writable.js:390:139)
    at writeOrBuffer (D:\src\nvm\v22.22.0\node_modules\firebase-tools\node_modules\winston-transport\node_modules\readable-stream\lib\_stream_writable.js:381:5)
    at Writable.write (D:\src\nvm\v22.22.0\node_modules\firebase-tools\node_modules\winston-transport\node_modules\readable-stream\lib\_stream_writable.js:302:11)
    at DerivedLogger.ondata (D:\src\nvm\v22.22.0\node_modules\firebase-tools\node_modules\winston\node_modules\readable-stream\lib\_stream_readable.js:629:20)
[error] 
[error] Error: An unexpected error has occurred.
[debug] [2026-04-25T16:59:53.105Z] Error: EPIPE: broken pipe, write
    at Socket._write (node:internal/net:63:18)
    at writeOrBuffer (node:internal/streams/writable:572:12)
    at _write (node:internal/streams/writable:501:10)
    at Writable.write (node:internal/streams/writable:510:10)
    at Console.log (D:\src\nvm\v22.22.0\node_modules\firebase-tools\node_modules\winston\lib\winston\transports\console.js:87:23)
    at Console._write (D:\src\nvm\v22.22.0\node_modules\firebase-tools\node_modules\winston-transport\modern.js:103:17)
    at doWrite (D:\src\nvm\v22.22.0\node_modules\firebase-tools\node_modules\winston-transport\node_modules\readable-stream\lib\_stream_writable.js:390:139)
    at writeOrBuffer (D:\src\nvm\v22.22.0\node_modules\firebase-tools\node_modules\winston-transport\node_modules\readable-stream\lib\_stream_writable.js:381:5)
    at Writable.write (D:\src\nvm\v22.22.0\node_modules\firebase-tools\node_modules\winston-transport\node_modules\readable-stream\lib\_stream_writable.js:302:11)
    at DerivedLogger.ondata (D:\src\nvm\v22.22.0\node_modules\firebase-tools\node_modules\winston\node_modules\readable-stream\lib\_stream_readable.js:629:20)
[error] 
[error] Error: An unexpected error has occurred.
[debug] [2026-04-25T16:59:53.109Z] Error: EPIPE: broken pipe, write
    at Socket._write (node:internal/net:63:18)
    at writeOrBuffer (node:internal/streams/writable:572:12)
    at _write (node:internal/streams/writable:501:10)
    at Writable.write (node:internal/streams/writable:510:10)
    at Console.log (D:\src\nvm\v22.22.0\node_modules\firebase-tools\node_modules\winston\lib\winston\transports\console.js:87:23)
    at Console._write (D:\src\nvm\v22.22.0\node_modules\firebase-tools\node_modules\winston-transport\modern.js:103:17)
    at doWrite (D:\src\nvm\v22.22.0\node_modules\firebase-tools\node_modules\winston-transport\node_modules\readable-stream\lib\_stream_writable.js:390:139)
    at writeOrBuffer (D:\src\nvm\v22.22.0\node_modules\firebase-tools\node_modules\winston-transport\node_modules\readable-stream\lib\_stream_writable.js:381:5)
    at Writable.write (D:\src\nvm\v22.22.0\node_modules\firebase-tools\node_modules\winston-transport\node_modules\readable-stream\lib\_stream_writable.js:302:11)
    at DerivedLogger.ondata (D:\src\nvm\v22.22.0\node_modules\firebase-tools\node_modules\winston\node_modules\readable-stream\lib\_stream_readable.js:629:20)
[error] 
[error] Error: An unexpected error has occurred.
[debug] [2026-04-25T16:59:53.110Z] Error: EPIPE: broken pipe, write
    at Socket._write (node:internal/net:63:18)
    at writeOrBuffer (node:internal/streams/writable:572:12)
    at _write (node:internal/streams/writable:501:10)
    at Writable.write (node:internal/streams/writable:510:10)
    at Console.log (D:\src\nvm\v22.22.0\node_modules\firebase-tools\node_modules\winston\lib\winston\transports\console.js:87:23)
    at Console._write (D:\src\nvm\v22.22.0\node_modules\firebase-tools\node_modules\winston-transport\modern.js:103:17)
    at doWrite (D:\src\nvm\v22.22.0\node_modules\firebase-tools\node_modules\winston-transport\node_modules\readable-stream\lib\_stream_writable.js:390:139)
    at writeOrBuffer (D:\src\nvm\v22.22.0\node_modules\firebase-tools\node_modules\winston-transport\node_modules\readable-stream\lib\_stream_writable.js:381:5)
    at Writable.write (D:\src\nvm\v22.22.0\node_modules\firebase-tools\node_modules\winston-transport\node_modules\readable-stream\lib\_stream_writable.js:302:11)
    at DerivedLogger.ondata (D:\src\nvm\v22.22.0\node_modules\firebase-tools\node_modules\winston\node_modules\readable-stream\lib\_stream_readable.js:629:20)
[error] 
[error] Error: An unexpected error has occurred.
[debug] [2026-04-25T16:59:53.110Z] Error: EPIPE: broken pipe, write
    at Socket._write (node:internal/net:63:18)
    at writeOrBuffer (node:internal/streams/writable:572:12)
    at _write (node:internal/streams/writable:501:10)
    at Writable.write (node:internal/streams/writable:510:10)
    at Console.log (D:\src\nvm\v22.22.0\node_modules\firebase-tools\node_modules\winston\lib\winston\transports\console.js:87:23)
    at Console._write (D:\src\nvm\v22.22.0\node_modules\firebase-tools\node_modules\winston-transport\modern.js:103:17)
    at doWrite (D:\src\nvm\v22.22.0\node_modules\firebase-tools\node_modules\winston-transport\node_modules\readable-stream\lib\_stream_writable.js:390:139)
    at writeOrBuffer (D:\src\nvm\v22.22.0\node_modules\firebase-tools\node_modules\winston-transport\node_modules\readable-stream\lib\_stream_writable.js:381:5)
    at Writable.write (D:\src\nvm\v22.22.0\node_modules\firebase-tools\node_modules\winston-transport\node_modules\readable-stream\lib\_stream_writable.js:302:11)
    at DerivedLogger.ondata (D:\src\nvm\v22.22.0\node_modules\firebase-tools\node_modules\winston\node_modules\readable-stream\lib\_stream_readable.js:629:20)
[error] 
[error] Error: An unexpected error has occurred.
[debug] [2026-04-25T16:59:53.112Z] Error: EPIPE: broken pipe, write
    at Socket._write (node:internal/net:63:18)
    at writeOrBuffer (node:internal/streams/writable:572:12)
    at _write (node:internal/streams/writable:501:10)
    at Writable.write (node:internal/streams/writable:510:10)
    at Console.log (D:\src\nvm\v22.22.0\node_modules\firebase-tools\node_modules\winston\lib\winston\transports\console.js:87:23)
    at Console._write (D:\src\nvm\v22.22.0\node_modules\firebase-tools\node_modules\winston-transport\modern.js:103:17)
    at doWrite (D:\src\nvm\v22.22.0\node_modules\firebase-tools\node_modules\winston-transport\node_modules\readable-stream\lib\_stream_writable.js:390:139)
    at writeOrBuffer (D:\src\nvm\v22.22.0\node_modules\firebase-tools\node_modules\winston-transport\node_modules\readable-stream\lib\_stream_writable.js:381:5)
    at Writable.write (D:\src\nvm\v22.22.0\node_modules\firebase-tools\node_modules\winston-transport\node_modules\readable-stream\lib\_stream_writable.js:302:11)
    at DerivedLogger.ondata (D:\src\nvm\v22.22.0\node_modules\firebase-tools\node_modules\winston\node_modules\readable-stream\lib\_stream_readable.js:629:20)
[error] 
[error] Error: An unexpected error has occurred.
[debug] [2026-04-25T16:59:53.113Z] Error: EPIPE: broken pipe, write
    at Socket._write (node:internal/net:63:18)
    at writeOrBuffer (node:internal/streams/writable:572:12)
    at _write (node:internal/streams/writable:501:10)
    at Writable.write (node:internal/streams/writable:510:10)
    at Console.log (D:\src\nvm\v22.22.0\node_modules\firebase-tools\node_modules\winston\lib\winston\transports\console.js:87:23)
    at Console._write (D:\src\nvm\v22.22.0\node_modules\firebase-tools\node_modules\winston-transport\modern.js:103:17)
    at doWrite (D:\src\nvm\v22.22.0\node_modules\firebase-tools\node_modules\winston-transport\node_modules\readable-stream\lib\_stream_writable.js:390:139)
    at writeOrBuffer (D:\src\nvm\v22.22.0\node_modules\firebase-tools\node_modules\winston-transport\node_modules\readable-stream\lib\_stream_writable.js:381:5)
    at Writable.write (D:\src\nvm\v22.22.0\node_modules\firebase-tools\node_modules\winston-transport\node_modules\readable-stream\lib\_stream_writable.js:302:11)
    at DerivedLogger.ondata (D:\src\nvm\v22.22.0\node_modules\firebase-tools\node_modules\winston\node_modules\readable-stream\lib\_stream_readable.js:629:20)
[error] 
[error] Error: An unexpected error has occurred.
[debug] [2026-04-25T16:59:53.114Z] Error: EPIPE: broken pipe, write
    at Socket._write (node:internal/net:63:18)
    at writeOrBuffer (node:internal/streams/writable:572:12)
    at _write (node:internal/streams/writable:501:10)
    at Writable.write (node:internal/streams/writable:510:10)
    at Console.log (D:\src\nvm\v22.22.0\node_modules\firebase-tools\node_modules\winston\lib\winston\transports\console.js:87:23)
    at Console._write (D:\src\nvm\v22.22.0\node_modules\firebase-tools\node_modules\winston-transport\modern.js:103:17)
    at doWrite (D:\src\nvm\v22.22.0\node_modules\firebase-tools\node_modules\winston-transport\node_modules\readable-stream\lib\_stream_writable.js:390:139)
    at writeOrBuffer (D:\src\nvm\v22.22.0\node_modules\firebase-tools\node_modules\winston-transport\node_modules\readable-stream\lib\_stream_writable.js:381:5)
    at Writable.write (D:\src\nvm\v22.22.0\node_modules\firebase-tools\node_modules\winston-transport\node_modules\readable-stream\lib\_stream_writable.js:302:11)
    at DerivedLogger.ondata (D:\src\nvm\v22.22.0\node_modules\firebase-tools\node_modules\winston\node_modules\readable-stream\lib\_stream_readable.js:629:20)
[error] 
[error] Error: An unexpected error has occurred.
[debug] [2026-04-25T16:59:53.115Z] Error: EPIPE: broken pipe, write
    at Socket._write (node:internal/net:63:18)
    at writeOrBuffer (node:internal/streams/writable:572:12)
    at _write (node:internal/streams/writable:501:10)
    at Writable.write (node:internal/streams/writable:510:10)
    at Console.log (D:\src\nvm\v22.22.0\node_modules\firebase-tools\node_modules\winston\lib\winston\transports\console.js:87:23)
    at Console._write (D:\src\nvm\v22.22.0\node_modules\firebase-tools\node_modules\winston-transport\modern.js:103:17)
    at doWrite (D:\src\nvm\v22.22.0\node_modules\firebase-tools\node_modules\winston-transport\node_modules\readable-stream\lib\_stream_writable.js:390:139)
    at writeOrBuffer (D:\src\nvm\v22.22.0\node_modules\firebase-tools\node_modules\winston-transport\node_modules\readable-stream\lib\_stream_writable.js:381:5)
    at Writable.write (D:\src\nvm\v22.22.0\node_modules\firebase-tools\node_modules\winston-transport\node_modules\readable-stream\lib\_stream_writable.js:302:11)
    at DerivedLogger.ondata (D:\src\nvm\v22.22.0\node_modules\firebase-tools\node_modules\winston\node_modules\readable-stream\lib\_stream_readable.js:629:20)
[error] 
[error] Error: An unexpected error has occurred.
[debug] [2026-04-25T16:59:53.116Z] Error: EPIPE: broken pipe, write
    at Socket._write (node:internal/net:63:18)
    at writeOrBuffer (node:internal/streams/writable:572:12)
    at _write (node:internal/streams/writable:501:10)
    at Writable.write (node:internal/streams/writable:510:10)
    at Console.log (D:\src\nvm\v22.22.0\node_modules\firebase-tools\node_modules\winston\lib\winston\transports\console.js:87:23)
    at Console._write (D:\src\nvm\v22.22.0\node_modules\firebase-tools\node_modules\winston-transport\modern.js:103:17)
    at doWrite (D:\src\nvm\v22.22.0\node_modules\firebase-tools\node_modules\winston-transport\node_modules\readable-stream\lib\_stream_writable.js:390:139)
    at writeOrBuffer (D:\src\nvm\v22.22.0\node_modules\firebase-tools\node_modules\winston-transport\node_modules\readable-stream\lib\_stream_writable.js:381:5)
    at Writable.write (D:\src\nvm\v22.22.0\node_modules\firebase-tools\node_modules\winston-transport\node_modules\readable-stream\lib\_stream_writable.js:302:11)
    at DerivedLogger.ondata (D:\src\nvm\v22.22.0\node_modules\firebase-tools\node_modules\winston\node_modules\readable-stream\lib\_stream_readable.js:629:20)
[error] 
[error] Error: An unexpected error has occurred.
[debug] [2026-04-25T16:59:53.117Z] Error: EPIPE: broken pipe, write
    at Socket._write (node:internal/net:63:18)
    at writeOrBuffer (node:internal/streams/writable:572:12)
    at _write (node:internal/streams/writable:501:10)
    at Writable.write (node:internal/streams/writable:510:10)
    at Console.log (D:\src\nvm\v22.22.0\node_modules\firebase-tools\node_modules\winston\lib\winston\transports\console.js:87:23)
    at Console._write (D:\src\nvm\v22.22.0\node_modules\firebase-tools\node_modules\winston-transport\modern.js:103:17)
    at doWrite (D:\src\nvm\v22.22.0\node_modules\firebase-tools\node_modules\winston-transport\node_modules\readable-stream\lib\_stream_writable.js:390:139)
    at writeOrBuffer (D:\src\nvm\v22.22.0\node_modules\firebase-tools\node_modules\winston-transport\node_modules\readable-stream\lib\_stream_writable.js:381:5)
    at Writable.write (D:\src\nvm\v22.22.0\node_modules\firebase-tools\node_modules\winston-transport\node_modules\readable-stream\lib\_stream_writable.js:302:11)
    at DerivedLogger.ondata (D:\src\nvm\v22.22.0\node_modules\firebase-tools\node_modules\winston\node_modules\readable-stream\lib\_stream_readable.js:629:20)
[error] 
[error] Error: An unexpected error has occurred.
[debug] [2026-04-25T16:59:53.117Z] Error: EPIPE: broken pipe, write
    at Socket._write (node:internal/net:63:18)
    at writeOrBuffer (node:internal/streams/writable:572:12)
    at _write (node:internal/streams/writable:501:10)
    at Writable.write (node:internal/streams/writable:510:10)
    at Console.log (D:\src\nvm\v22.22.0\node_modules\firebase-tools\node_modules\winston\lib\winston\transports\console.js:87:23)
    at Console._write (D:\src\nvm\v22.22.0\node_modules\firebase-tools\node_modules\winston-transport\modern.js:103:17)
    at doWrite (D:\src\nvm\v22.22.0\node_modules\firebase-tools\node_modules\winston-transport\node_modules\readable-stream\lib\_stream_writable.js:390:139)
    at writeOrBuffer (D:\src\nvm\v22.22.0\node_modules\firebase-tools\node_modules\winston-transport\node_modules\readable-stream\lib\_stream_writable.js:381:5)
    at Writable.write (D:\src\nvm\v22.22.0\node_modules\firebase-tools\node_modules\winston-transport\node_modules\readable-stream\lib\_stream_writable.js:302:11)
    at DerivedLogger.ondata (D:\src\nvm\v22.22.0\node_modules\firebase-tools\node_modules\winston\node_modules\readable-stream\lib\_stream_readable.js:629:20)
[error] 
[error] Error: An unexpected error has occurred.
[debug] [2026-04-25T16:59:53.118Z] Error: EPIPE: broken pipe, write
    at Socket._write (node:internal/net:63:18)
    at writeOrBuffer (node:internal/streams/writable:572:12)
    at _write (node:internal/streams/writable:501:10)
    at Writable.write (node:internal/streams/writable:510:10)
    at Console.log (D:\src\nvm\v22.22.0\node_modules\firebase-tools\node_modules\winston\lib\winston\transports\console.js:87:23)
    at Console._write (D:\src\nvm\v22.22.0\node_modules\firebase-tools\node_modules\winston-transport\modern.js:103:17)
    at doWrite (D:\src\nvm\v22.22.0\node_modules\firebase-tools\node_modules\winston-transport\node_modules\readable-stream\lib\_stream_writable.js:390:139)
    at writeOrBuffer (D:\src\nvm\v22.22.0\node_modules\firebase-tools\node_modules\winston-transport\node_modules\readable-stream\lib\_stream_writable.js:381:5)
    at Writable.write (D:\src\nvm\v22.22.0\node_modules\firebase-tools\node_modules\winston-transport\node_modules\readable-stream\lib\_stream_writable.js:302:11)
    at DerivedLogger.ondata (D:\src\nvm\v22.22.0\node_modules\firebase-tools\node_modules\winston\node_modules\readable-stream\lib\_stream_readable.js:629:20)
[error] 
[error] Error: An unexpected error has occurred.
[debug] [2026-04-25T16:59:53.119Z] Error: EPIPE: broken pipe, write
    at Socket._write (node:internal/net:63:18)
    at writeOrBuffer (node:internal/streams/writable:572:12)
    at _write (node:internal/streams/writable:501:10)
    at Writable.write (node:internal/streams/writable:510:10)
    at Console.log (D:\src\nvm\v22.22.0\node_modules\firebase-tools\node_modules\winston\lib\winston\transports\console.js:87:23)
    at Console._write (D:\src\nvm\v22.22.0\node_modules\firebase-tools\node_modules\winston-transport\modern.js:103:17)
    at doWrite (D:\src\nvm\v22.22.0\node_modules\firebase-tools\node_modules\winston-transport\node_modules\readable-stream\lib\_stream_writable.js:390:139)
    at writeOrBuffer (D:\src\nvm\v22.22.0\node_modules\firebase-tools\node_modules\winston-transport\node_modules\readable-stream\lib\_stream_writable.js:381:5)
    at Writable.write (D:\src\nvm\v22.22.0\node_modules\firebase-tools\node_modules\winston-transport\node_modules\readable-stream\lib\_stream_writable.js:302:11)
    at DerivedLogger.ondata (D:\src\nvm\v22.22.0\node_modules\firebase-tools\node_modules\winston\node_modules\readable-stream\lib\_stream_readable.js:629:20)
[error] 
[error] Error: An unexpected error has occurred.
[debug] [2026-04-25T16:59:53.120Z] Error: EPIPE: broken pipe, write
    at Socket._write (node:internal/net:63:18)
    at writeOrBuffer (node:internal/streams/writable:572:12)
    at _write (node:internal/streams/writable:501:10)
    at Writable.write (node:internal/streams/writable:510:10)
    at Console.log (D:\src\nvm\v22.22.0\node_modules\firebase-tools\node_modules\winston\lib\winston\transports\console.js:87:23)
    at Console._write (D:\src\nvm\v22.22.0\node_modules\firebase-tools\node_modules\winston-transport\modern.js:103:17)
    at doWrite (D:\src\nvm\v22.22.0\node_modules\firebase-tools\node_modules\winston-transport\node_modules\readable-stream\lib\_stream_writable.js:390:139)
    at writeOrBuffer (D:\src\nvm\v22.22.0\node_modules\firebase-tools\node_modules\winston-transport\node_modules\readable-stream\lib\_stream_writable.js:381:5)
    at Writable.write (D:\src\nvm\v22.22.0\node_modules\firebase-tools\node_modules\winston-transport\node_modules\readable-stream\lib\_stream_writable.js:302:11)
    at DerivedLogger.ondata (D:\src\nvm\v22.22.0\node_modules\firebase-tools\node_modules\winston\node_modules\readable-stream\lib\_stream_readable.js:629:20)
[error] 
[error] Error: An unexpected error has occurred.
[debug] [2026-04-25T16:59:53.121Z] Error: EPIPE: broken pipe, write
    at Socket._write (node:internal/net:63:18)
    at writeOrBuffer (node:internal/streams/writable:572:12)
    at _write (node:internal/streams/writable:501:10)
    at Writable.write (node:internal/streams/writable:510:10)
    at Console.log (D:\src\nvm\v22.22.0\node_modules\firebase-tools\node_modules\winston\lib\winston\transports\console.js:87:23)
    at Console._write (D:\src\nvm\v22.22.0\node_modules\firebase-tools\node_modules\winston-transport\modern.js:103:17)
    at doWrite (D:\src\nvm\v22.22.0\node_modules\firebase-tools\node_modules\winston-transport\node_modules\readable-stream\lib\_stream_writable.js:390:139)
    at writeOrBuffer (D:\src\nvm\v22.22.0\node_modules\firebase-tools\node_modules\winston-transport\node_modules\readable-stream\lib\_stream_writable.js:381:5)
    at Writable.write (D:\src\nvm\v22.22.0\node_modules\firebase-tools\node_modules\winston-transport\node_modules\readable-stream\lib\_stream_writable.js:302:11)
    at DerivedLogger.ondata (D:\src\nvm\v22.22.0\node_modules\firebase-tools\node_modules\winston\node_modules\readable-stream\lib\_stream_readable.js:629:20)
[error] 
[error] Error: An unexpected error has occurred.
[debug] [2026-04-25T16:59:53.126Z] Error: EPIPE: broken pipe, write
    at Socket._write (node:internal/net:63:18)
    at writeOrBuffer (node:internal/streams/writable:572:12)
    at _write (node:internal/streams/writable:501:10)
    at Writable.write (node:internal/streams/writable:510:10)
    at Console.log (D:\src\nvm\v22.22.0\node_modules\firebase-tools\node_modules\winston\lib\winston\transports\console.js:87:23)
    at Console._write (D:\src\nvm\v22.22.0\node_modules\firebase-tools\node_modules\winston-transport\modern.js:103:17)
    at doWrite (D:\src\nvm\v22.22.0\node_modules\firebase-tools\node_modules\winston-transport\node_modules\readable-stream\lib\_stream_writable.js:390:139)
    at writeOrBuffer (D:\src\nvm\v22.22.0\node_modules\firebase-tools\node_modules\winston-transport\node_modules\readable-stream\lib\_stream_writable.js:381:5)
    at Writable.write (D:\src\nvm\v22.22.0\node_modules\firebase-tools\node_modules\winston-transport\node_modules\readable-stream\lib\_stream_writable.js:302:11)
    at DerivedLogger.ondata (D:\src\nvm\v22.22.0\node_modules\firebase-tools\node_modules\winston\node_modules\readable-stream\lib\_stream_readable.js:629:20)
[error] 
[error] Error: An unexpected error has occurred.
[debug] [2026-04-25T16:59:53.126Z] Error: EPIPE: broken pipe, write
    at Socket._write (node:internal/net:63:18)
    at writeOrBuffer (node:internal/streams/writable:572:12)
    at _write (node:internal/streams/writable:501:10)
    at Writable.write (node:internal/streams/writable:510:10)
    at Console.log (D:\src\nvm\v22.22.0\node_modules\firebase-tools\node_modules\winston\lib\winston\transports\console.js:87:23)
    at Console._write (D:\src\nvm\v22.22.0\node_modules\firebase-tools\node_modules\winston-transport\modern.js:103:17)
    at doWrite (D:\src\nvm\v22.22.0\node_modules\firebase-tools\node_modules\winston-transport\node_modules\readable-stream\lib\_stream_writable.js:390:139)
    at writeOrBuffer (D:\src\nvm\v22.22.0\node_modules\firebase-tools\node_modules\winston-transport\node_modules\readable-stream\lib\_stream_writable.js:381:5)
    at Writable.write (D:\src\nvm\v22.22.0\node_modules\firebase-tools\node_modules\winston-transport\node_modules\readable-stream\lib\_stream_writable.js:302:11)
    at DerivedLogger.ondata (D:\src\nvm\v22.22.0\node_modules\firebase-tools\node_modules\winston\node_modules\readable-stream\lib\_stream_readable.js:629:20)
[error] 
[error] Error: An unexpected error has occurred.
[debug] [2026-04-25T16:59:53.127Z] Error: EPIPE: broken pipe, write
    at Socket._write (node:internal/net:63:18)
    at writeOrBuffer (node:internal/streams/writable:572:12)
    at _write (node:internal/streams/writable:501:10)
    at Writable.write (node:internal/streams/writable:510:10)
    at Console.log (D:\src\nvm\v22.22.0\node_modules\firebase-tools\node_modules\winston\lib\winston\transports\console.js:87:23)
    at Console._write (D:\src\nvm\v22.22.0\node_modules\firebase-tools\node_modules\winston-transport\modern.js:103:17)
    at doWrite (D:\src\nvm\v22.22.0\node_modules\firebase-tools\node_modules\winston-transport\node_modules\readable-stream\lib\_stream_writable.js:390:139)
    at writeOrBuffer (D:\src\nvm\v22.22.0\node_modules\firebase-tools\node_modules\winston-transport\node_modules\readable-stream\lib\_stream_writable.js:381:5)
    at Writable.write (D:\src\nvm\v22.22.0\node_modules\firebase-tools\node_modules\winston-transport\node_modules\readable-stream\lib\_stream_writable.js:302:11)
    at DerivedLogger.ondata (D:\src\nvm\v22.22.0\node_modules\firebase-tools\node_modules\winston\node_modules\readable-stream\lib\_stream_readable.js:629:20)
[error] 
[error] Error: An unexpected error has occurred.
[debug] [2026-04-25T16:59:53.128Z] Error: EPIPE: broken pipe, write
    at Socket._write (node:internal/net:63:18)
    at writeOrBuffer (node:internal/streams/writable:572:12)
    at _write (node:internal/streams/writable:501:10)
    at Writable.write (node:internal/streams/writable:510:10)
    at Console.log (D:\src\nvm\v22.22.0\node_modules\firebase-tools\node_modules\winston\lib\winston\transports\console.js:87:23)
    at Console._write (D:\src\nvm\v22.22.0\node_modules\firebase-tools\node_modules\winston-transport\modern.js:103:17)
    at doWrite (D:\src\nvm\v22.22.0\node_modules\firebase-tools\node_modules\winston-transport\node_modules\readable-stream\lib\_stream_writable.js:390:139)
    at writeOrBuffer (D:\src\nvm\v22.22.0\node_modules\firebase-tools\node_modules\winston-transport\node_modules\readable-stream\lib\_stream_writable.js:381:5)
    at Writable.write (D:\src\nvm\v22.22.0\node_modules\firebase-tools\node_modules\winston-transport\node_modules\readable-stream\lib\_stream_writable.js:302:11)
    at DerivedLogger.ondata (D:\src\nvm\v22.22.0\node_modules\firebase-tools\node_modules\winston\node_modules\readable-stream\lib\_stream_readable.js:629:20)
[error] 
[error] Error: An unexpected error has occurred.
[debug] [2026-04-25T16:59:53.129Z] Error: EPIPE: broken pipe, write
    at Socket._write (node:internal/net:63:18)
    at writeOrBuffer (node:internal/streams/writable:572:12)
    at _write (node:internal/streams/writable:501:10)
    at Writable.write (node:internal/streams/writable:510:10)
    at Console.log (D:\src\nvm\v22.22.0\node_modules\firebase-tools\node_modules\winston\lib\winston\transports\console.js:87:23)
    at Console._write (D:\src\nvm\v22.22.0\node_modules\firebase-tools\node_modules\winston-transport\modern.js:103:17)
    at doWrite (D:\src\nvm\v22.22.0\node_modules\firebase-tools\node_modules\winston-transport\node_modules\readable-stream\lib\_stream_writable.js:390:139)
    at writeOrBuffer (D:\src\nvm\v22.22.0\node_modules\firebase-tools\node_modules\winston-transport\node_modules\readable-stream\lib\_stream_writable.js:381:5)
    at Writable.write (D:\src\nvm\v22.22.0\node_modules\firebase-tools\node_modules\winston-transport\node_modules\readable-stream\lib\_stream_writable.js:302:11)
    at DerivedLogger.ondata (D:\src\nvm\v22.22.0\node_modules\firebase-tools\node_modules\winston\node_modules\readable-stream\lib\_stream_readable.js:629:20)
[error] 
[error] Error: An unexpected error has occurred.
[debug] [2026-04-25T16:59:53.129Z] Error: EPIPE: broken pipe, write
    at Socket._write (node:internal/net:63:18)
    at writeOrBuffer (node:internal/streams/writable:572:12)
    at _write (node:internal/streams/writable:501:10)
    at Writable.write (node:internal/streams/writable:510:10)
    at Console.log (D:\src\nvm\v22.22.0\node_modules\firebase-tools\node_modules\winston\lib\winston\transports\console.js:87:23)
    at Console._write (D:\src\nvm\v22.22.0\node_modules\firebase-tools\node_modules\winston-transport\modern.js:103:17)
    at doWrite (D:\src\nvm\v22.22.0\node_modules\firebase-tools\node_modules\winston-transport\node_modules\readable-stream\lib\_stream_writable.js:390:139)
    at writeOrBuffer (D:\src\nvm\v22.22.0\node_modules\firebase-tools\node_modules\winston-transport\node_modules\readable-stream\lib\_stream_writable.js:381:5)
    at Writable.write (D:\src\nvm\v22.22.0\node_modules\firebase-tools\node_modules\winston-transport\node_modules\readable-stream\lib\_stream_writable.js:302:11)
    at DerivedLogger.ondata (D:\src\nvm\v22.22.0\node_modules\firebase-tools\node_modules\winston\node_modules\readable-stream\lib\_stream_readable.js:629:20)
[error] 
[error] Error: An unexpected error has occurred.
[debug] [2026-04-25T16:59:53.130Z] Error: EPIPE: broken pipe, write
    at Socket._write (node:internal/net:63:18)
    at writeOrBuffer (node:internal/streams/writable:572:12)
    at _write (node:internal/streams/writable:501:10)
    at Writable.write (node:internal/streams/writable:510:10)
    at Console.log (D:\src\nvm\v22.22.0\node_modules\firebase-tools\node_modules\winston\lib\winston\transports\console.js:87:23)
    at Console._write (D:\src\nvm\v22.22.0\node_modules\firebase-tools\node_modules\winston-transport\modern.js:103:17)
    at doWrite (D:\src\nvm\v22.22.0\node_modules\firebase-tools\node_modules\winston-transport\node_modules\readable-stream\lib\_stream_writable.js:390:139)
    at writeOrBuffer (D:\src\nvm\v22.22.0\node_modules\firebase-tools\node_modules\winston-transport\node_modules\readable-stream\lib\_stream_writable.js:381:5)
    at Writable.write (D:\src\nvm\v22.22.0\node_modules\firebase-tools\node_modules\winston-transport\node_modules\readable-stream\lib\_stream_writable.js:302:11)
    at DerivedLogger.ondata (D:\src\nvm\v22.22.0\node_modules\firebase-tools\node_modules\winston\node_modules\readable-stream\lib\_stream_readable.js:629:20)
[error] 
[error] Error: An unexpected error has occurred.
[debug] [2026-04-25T16:59:53.131Z] Error: EPIPE: broken pipe, write
    at Socket._write (node:internal/net:63:18)
    at writeOrBuffer (node:internal/streams/writable:572:12)
    at _write (node:internal/streams/writable:501:10)
    at Writable.write (node:internal/streams/writable:510:10)
    at Console.log (D:\src\nvm\v22.22.0\node_modules\firebase-tools\node_modules\winston\lib\winston\transports\console.js:87:23)
    at Console._write (D:\src\nvm\v22.22.0\node_modules\firebase-tools\node_modules\winston-transport\modern.js:103:17)
    at doWrite (D:\src\nvm\v22.22.0\node_modules\firebase-tools\node_modules\winston-transport\node_modules\readable-stream\lib\_stream_writable.js:390:139)
    at writeOrBuffer (D:\src\nvm\v22.22.0\node_modules\firebase-tools\node_modules\winston-transport\node_modules\readable-stream\lib\_stream_writable.js:381:5)
    at Writable.write (D:\src\nvm\v22.22.0\node_modules\firebase-tools\node_modules\winston-transport\node_modules\readable-stream\lib\_stream_writable.js:302:11)
    at DerivedLogger.ondata (D:\src\nvm\v22.22.0\node_modules\firebase-tools\node_modules\winston\node_modules\readable-stream\lib\_stream_readable.js:629:20)
[error] 
[error] Error: An unexpected error has occurred.
[debug] [2026-04-25T16:59:53.131Z] Error: EPIPE: broken pipe, write
    at Socket._write (node:internal/net:63:18)
    at writeOrBuffer (node:internal/streams/writable:572:12)
    at _write (node:internal/streams/writable:501:10)
    at Writable.write (node:internal/streams/writable:510:10)
    at Console.log (D:\src\nvm\v22.22.0\node_modules\firebase-tools\node_modules\winston\lib\winston\transports\console.js:87:23)
    at Console._write (D:\src\nvm\v22.22.0\node_modules\firebase-tools\node_modules\winston-transport\modern.js:103:17)
    at doWrite (D:\src\nvm\v22.22.0\node_modules\firebase-tools\node_modules\winston-transport\node_modules\readable-stream\lib\_stream_writable.js:390:139)
    at writeOrBuffer (D:\src\nvm\v22.22.0\node_modules\firebase-tools\node_modules\winston-transport\node_modules\readable-stream\lib\_stream_writable.js:381:5)
    at Writable.write (D:\src\nvm\v22.22.0\node_modules\firebase-tools\node_modules\winston-transport\node_modules\readable-stream\lib\_stream_writable.js:302:11)
    at DerivedLogger.ondata (D:\src\nvm\v22.22.0\node_modules\firebase-tools\node_modules\winston\node_modules\readable-stream\lib\_stream_readable.js:629:20)
[error] 
[error] Error: An unexpected error has occurred.
[debug] [2026-04-25T16:59:53.132Z] Error: EPIPE: broken pipe, write
    at Socket._write (node:internal/net:63:18)
    at writeOrBuffer (node:internal/streams/writable:572:12)
    at _write (node:internal/streams/writable:501:10)
    at Writable.write (node:internal/streams/writable:510:10)
    at Console.log (D:\src\nvm\v22.22.0\node_modules\firebase-tools\node_modules\winston\lib\winston\transports\console.js:87:23)
    at Console._write (D:\src\nvm\v22.22.0\node_modules\firebase-tools\node_modules\winston-transport\modern.js:103:17)
    at doWrite (D:\src\nvm\v22.22.0\node_modules\firebase-tools\node_modules\winston-transport\node_modules\readable-stream\lib\_stream_writable.js:390:139)
    at writeOrBuffer (D:\src\nvm\v22.22.0\node_modules\firebase-tools\node_modules\winston-transport\node_modules\readable-stream\lib\_stream_writable.js:381:5)
    at Writable.write (D:\src\nvm\v22.22.0\node_modules\firebase-tools\node_modules\winston-transport\node_modules\readable-stream\lib\_stream_writable.js:302:11)
    at DerivedLogger.ondata (D:\src\nvm\v22.22.0\node_modules\firebase-tools\node_modules\winston\node_modules\readable-stream\lib\_stream_readable.js:629:20)
[error] 
[error] Error: An unexpected error has occurred.
[debug] [2026-04-25T16:59:53.133Z] Error: EPIPE: broken pipe, write
    at Socket._write (node:internal/net:63:18)
    at writeOrBuffer (node:internal/streams/writable:572:12)
    at _write (node:internal/streams/writable:501:10)
    at Writable.write (node:internal/streams/writable:510:10)
    at Console.log (D:\src\nvm\v22.22.0\node_modules\firebase-tools\node_modules\winston\lib\winston\transports\console.js:87:23)
    at Console._write (D:\src\nvm\v22.22.0\node_modules\firebase-tools\node_modules\winston-transport\modern.js:103:17)
    at doWrite (D:\src\nvm\v22.22.0\node_modules\firebase-tools\node_modules\winston-transport\node_modules\readable-stream\lib\_stream_writable.js:390:139)
    at writeOrBuffer (D:\src\nvm\v22.22.0\node_modules\firebase-tools\node_modules\winston-transport\node_modules\readable-stream\lib\_stream_writable.js:381:5)
    at Writable.write (D:\src\nvm\v22.22.0\node_modules\firebase-tools\node_modules\winston-transport\node_modules\readable-stream\lib\_stream_writable.js:302:11)
    at DerivedLogger.ondata (D:\src\nvm\v22.22.0\node_modules\firebase-tools\node_modules\winston\node_modules\readable-stream\lib\_stream_readable.js:629:20)
[error] 
[error] Error: An unexpected error has occurred.
[debug] [2026-04-25T16:59:53.133Z] Error: EPIPE: broken pipe, write
    at Socket._write (node:internal/net:63:18)
    at writeOrBuffer (node:internal/streams/writable:572:12)
    at _write (node:internal/streams/writable:501:10)
    at Writable.write (node:internal/streams/writable:510:10)
    at Console.log (D:\src\nvm\v22.22.0\node_modules\firebase-tools\node_modules\winston\lib\winston\transports\console.js:87:23)
    at Console._write (D:\src\nvm\v22.22.0\node_modules\firebase-tools\node_modules\winston-transport\modern.js:103:17)
    at doWrite (D:\src\nvm\v22.22.0\node_modules\firebase-tools\node_modules\winston-transport\node_modules\readable-stream\lib\_stream_writable.js:390:139)
    at writeOrBuffer (D:\src\nvm\v22.22.0\node_modules\firebase-tools\node_modules\winston-transport\node_modules\readable-stream\lib\_stream_writable.js:381:5)
    at Writable.write (D:\src\nvm\v22.22.0\node_modules\firebase-tools\node_modules\winston-transport\node_modules\readable-stream\lib\_stream_writable.js:302:11)
    at DerivedLogger.ondata (D:\src\nvm\v22.22.0\node_modules\firebase-tools\node_modules\winston\node_modules\readable-stream\lib\_stream_readable.js:629:20)
[error] 
[error] Error: An unexpected error has occurred.
[debug] [2026-04-25T16:59:53.134Z] Error: EPIPE: broken pipe, write
    at Socket._write (node:internal/net:63:18)
    at writeOrBuffer (node:internal/streams/writable:572:12)
    at _write (node:internal/streams/writable:501:10)
    at Writable.write (node:internal/streams/writable:510:10)
    at Console.log (D:\src\nvm\v22.22.0\node_modules\firebase-tools\node_modules\winston\lib\winston\transports\console.js:87:23)
    at Console._write (D:\src\nvm\v22.22.0\node_modules\firebase-tools\node_modules\winston-transport\modern.js:103:17)
    at doWrite (D:\src\nvm\v22.22.0\node_modules\firebase-tools\node_modules\winston-transport\node_modules\readable-stream\lib\_stream_writable.js:390:139)
    at writeOrBuffer (D:\src\nvm\v22.22.0\node_modules\firebase-tools\node_modules\winston-transport\node_modules\readable-stream\lib\_stream_writable.js:381:5)
    at Writable.write (D:\src\nvm\v22.22.0\node_modules\firebase-tools\node_modules\winston-transport\node_modules\readable-stream\lib\_stream_writable.js:302:11)
    at DerivedLogger.ondata (D:\src\nvm\v22.22.0\node_modules\firebase-tools\node_modules\winston\node_modules\readable-stream\lib\_stream_readable.js:629:20)
[error] 
[error] Error: An unexpected error has occurred.
[debug] [2026-04-25T16:59:53.134Z] Error: EPIPE: broken pipe, write
    at Socket._write (node:internal/net:63:18)
    at writeOrBuffer (node:internal/streams/writable:572:12)
    at _write (node:internal/streams/writable:501:10)
    at Writable.write (node:internal/streams/writable:510:10)
    at Console.log (D:\src\nvm\v22.22.0\node_modules\firebase-tools\node_modules\winston\lib\winston\transports\console.js:87:23)
    at Console._write (D:\src\nvm\v22.22.0\node_modules\firebase-tools\node_modules\winston-transport\modern.js:103:17)
    at doWrite (D:\src\nvm\v22.22.0\node_modules\firebase-tools\node_modules\winston-transport\node_modules\readable-stream\lib\_stream_writable.js:390:139)
    at writeOrBuffer (D:\src\nvm\v22.22.0\node_modules\firebase-tools\node_modules\winston-transport\node_modules\readable-stream\lib\_stream_writable.js:381:5)
    at Writable.write (D:\src\nvm\v22.22.0\node_modules\firebase-tools\node_modules\winston-transport\node_modules\readable-stream\lib\_stream_writable.js:302:11)
    at DerivedLogger.ondata (D:\src\nvm\v22.22.0\node_modules\firebase-tools\node_modules\winston\node_modules\readable-stream\lib\_stream_readable.js:629:20)
[error] 
[error] Error: An unexpected error has occurred.
[debug] [2026-04-25T16:59:53.140Z] Error: EPIPE: broken pipe, write
    at Socket._write (node:internal/net:63:18)
    at writeOrBuffer (node:internal/streams/writable:572:12)
    at _write (node:internal/streams/writable:501:10)
    at Writable.write (node:internal/streams/writable:510:10)
    at Console.log (D:\src\nvm\v22.22.0\node_modules\firebase-tools\node_modules\winston\lib\winston\transports\console.js:87:23)
    at Console._write (D:\src\nvm\v22.22.0\node_modules\firebase-tools\node_modules\winston-transport\modern.js:103:17)
    at doWrite (D:\src\nvm\v22.22.0\node_modules\firebase-tools\node_modules\winston-transport\node_modules\readable-stream\lib\_stream_writable.js:390:139)
    at writeOrBuffer (D:\src\nvm\v22.22.0\node_modules\firebase-tools\node_modules\winston-transport\node_modules\readable-stream\lib\_stream_writable.js:381:5)
    at Writable.write (D:\src\nvm\v22.22.0\node_modules\firebase-tools\node_modules\winston-transport\node_modules\readable-stream\lib\_stream_writable.js:302:11)
    at DerivedLogger.ondata (D:\src\nvm\v22.22.0\node_modules\firebase-tools\node_modules\winston\node_modules\readable-stream\lib\_stream_readable.js:629:20)
[error] 
[error] Error: An unexpected error has occurred.
[debug] [2026-04-25T16:59:53.141Z] Error: EPIPE: broken pipe, write
    at Socket._write (node:internal/net:63:18)
    at writeOrBuffer (node:internal/streams/writable:572:12)
    at _write (node:internal/streams/writable:501:10)
    at Writable.write (node:internal/streams/writable:510:10)
    at Console.log (D:\src\nvm\v22.22.0\node_modules\firebase-tools\node_modules\winston\lib\winston\transports\console.js:87:23)
    at Console._write (D:\src\nvm\v22.22.0\node_modules\firebase-tools\node_modules\winston-transport\modern.js:103:17)
    at doWrite (D:\src\nvm\v22.22.0\node_modules\firebase-tools\node_modules\winston-transport\node_modules\readable-stream\lib\_stream_writable.js:390:139)
    at writeOrBuffer (D:\src\nvm\v22.22.0\node_modules\firebase-tools\node_modules\winston-transport\node_modules\readable-stream\lib\_stream_writable.js:381:5)
    at Writable.write (D:\src\nvm\v22.22.0\node_modules\firebase-tools\node_modules\winston-transport\node_modules\readable-stream\lib\_stream_writable.js:302:11)
    at DerivedLogger.ondata (D:\src\nvm\v22.22.0\node_modules\firebase-tools\node_modules\winston\node_modules\readable-stream\lib\_stream_readable.js:629:20)
[error] 
[error] Error: An unexpected error has occurred.
[debug] [2026-04-25T16:59:53.142Z] Error: EPIPE: broken pipe, write
    at Socket._write (node:internal/net:63:18)
    at writeOrBuffer (node:internal/streams/writable:572:12)
    at _write (node:internal/streams/writable:501:10)
    at Writable.write (node:internal/streams/writable:510:10)
    at Console.log (D:\src\nvm\v22.22.0\node_modules\firebase-tools\node_modules\winston\lib\winston\transports\console.js:87:23)
    at Console._write (D:\src\nvm\v22.22.0\node_modules\firebase-tools\node_modules\winston-transport\modern.js:103:17)
    at doWrite (D:\src\nvm\v22.22.0\node_modules\firebase-tools\node_modules\winston-transport\node_modules\readable-stream\lib\_stream_writable.js:390:139)
    at writeOrBuffer (D:\src\nvm\v22.22.0\node_modules\firebase-tools\node_modules\winston-transport\node_modules\readable-stream\lib\_stream_writable.js:381:5)
    at Writable.write (D:\src\nvm\v22.22.0\node_modules\firebase-tools\node_modules\winston-transport\node_modules\readable-stream\lib\_stream_writable.js:302:11)
    at DerivedLogger.ondata (D:\src\nvm\v22.22.0\node_modules\firebase-tools\node_modules\winston\node_modules\readable-stream\lib\_stream_readable.js:629:20)
[error] 
[error] Error: An unexpected error has occurred.
[debug] [2026-04-25T16:59:53.143Z] Error: EPIPE: broken pipe, write
    at Socket._write (node:internal/net:63:18)
    at writeOrBuffer (node:internal/streams/writable:572:12)
    at _write (node:internal/streams/writable:501:10)
    at Writable.write (node:internal/streams/writable:510:10)
    at Console.log (D:\src\nvm\v22.22.0\node_modules\firebase-tools\node_modules\winston\lib\winston\transports\console.js:87:23)
    at Console._write (D:\src\nvm\v22.22.0\node_modules\firebase-tools\node_modules\winston-transport\modern.js:103:17)
    at doWrite (D:\src\nvm\v22.22.0\node_modules\firebase-tools\node_modules\winston-transport\node_modules\readable-stream\lib\_stream_writable.js:390:139)
    at writeOrBuffer (D:\src\nvm\v22.22.0\node_modules\firebase-tools\node_modules\winston-transport\node_modules\readable-stream\lib\_stream_writable.js:381:5)
    at Writable.write (D:\src\nvm\v22.22.0\node_modules\firebase-tools\node_modules\winston-transport\node_modules\readable-stream\lib\_stream_writable.js:302:11)
    at DerivedLogger.ondata (D:\src\nvm\v22.22.0\node_modules\firebase-tools\node_modules\winston\node_modules\readable-stream\lib\_stream_readable.js:629:20)
[error] 
[error] Error: An unexpected error has occurred.
[debug] [2026-04-25T16:59:53.144Z] Error: EPIPE: broken pipe, write
    at Socket._write (node:internal/net:63:18)
    at writeOrBuffer (node:internal/streams/writable:572:12)
    at _write (node:internal/streams/writable:501:10)
    at Writable.write (node:internal/streams/writable:510:10)
    at Console.log (D:\src\nvm\v22.22.0\node_modules\firebase-tools\node_modules\winston\lib\winston\transports\console.js:87:23)
    at Console._write (D:\src\nvm\v22.22.0\node_modules\firebase-tools\node_modules\winston-transport\modern.js:103:17)
    at doWrite (D:\src\nvm\v22.22.0\node_modules\firebase-tools\node_modules\winston-transport\node_modules\readable-stream\lib\_stream_writable.js:390:139)
    at writeOrBuffer (D:\src\nvm\v22.22.0\node_modules\firebase-tools\node_modules\winston-transport\node_modules\readable-stream\lib\_stream_writable.js:381:5)
    at Writable.write (D:\src\nvm\v22.22.0\node_modules\firebase-tools\node_modules\winston-transport\node_modules\readable-stream\lib\_stream_writable.js:302:11)
    at DerivedLogger.ondata (D:\src\nvm\v22.22.0\node_modules\firebase-tools\node_modules\winston\node_modules\readable-stream\lib\_stream_readable.js:629:20)
[error] 
[error] Error: An unexpected error has occurred.
[debug] [2026-04-25T16:59:53.145Z] Error: EPIPE: broken pipe, write
    at Socket._write (node:internal/net:63:18)
    at writeOrBuffer (node:internal/streams/writable:572:12)
    at _write (node:internal/streams/writable:501:10)
    at Writable.write (node:internal/streams/writable:510:10)
    at Console.log (D:\src\nvm\v22.22.0\node_modules\firebase-tools\node_modules\winston\lib\winston\transports\console.js:87:23)
    at Console._write (D:\src\nvm\v22.22.0\node_modules\firebase-tools\node_modules\winston-transport\modern.js:103:17)
    at doWrite (D:\src\nvm\v22.22.0\node_modules\firebase-tools\node_modules\winston-transport\node_modules\readable-stream\lib\_stream_writable.js:390:139)
    at writeOrBuffer (D:\src\nvm\v22.22.0\node_modules\firebase-tools\node_modules\winston-transport\node_modules\readable-stream\lib\_stream_writable.js:381:5)
    at Writable.write (D:\src\nvm\v22.22.0\node_modules\firebase-tools\node_modules\winston-transport\node_modules\readable-stream\lib\_stream_writable.js:302:11)
    at DerivedLogger.ondata (D:\src\nvm\v22.22.0\node_modules\firebase-tools\node_modules\winston\node_modules\readable-stream\lib\_stream_readable.js:629:20)
[error] 
[error] Error: An unexpected error has occurred.
[debug] [2026-04-25T16:59:53.145Z] Error: EPIPE: broken pipe, write
    at Socket._write (node:internal/net:63:18)
    at writeOrBuffer (node:internal/streams/writable:572:12)
    at _write (node:internal/streams/writable:501:10)
    at Writable.write (node:internal/streams/writable:510:10)
    at Console.log (D:\src\nvm\v22.22.0\node_modules\firebase-tools\node_modules\winston\lib\winston\transports\console.js:87:23)
    at Console._write (D:\src\nvm\v22.22.0\node_modules\firebase-tools\node_modules\winston-transport\modern.js:103:17)
    at doWrite (D:\src\nvm\v22.22.0\node_modules\firebase-tools\node_modules\winston-transport\node_modules\readable-stream\lib\_stream_writable.js:390:139)
    at writeOrBuffer (D:\src\nvm\v22.22.0\node_modules\firebase-tools\node_modules\winston-transport\node_modules\readable-stream\lib\_stream_writable.js:381:5)
    at Writable.write (D:\src\nvm\v22.22.0\node_modules\firebase-tools\node_modules\winston-transport\node_modules\readable-stream\lib\_stream_writable.js:302:11)
    at DerivedLogger.ondata (D:\src\nvm\v22.22.0\node_modules\firebase-tools\node_modules\winston\node_modules\readable-stream\lib\_stream_readable.js:629:20)
[error] 
[error] Error: An unexpected error has occurred.
[debug] [2026-04-25T16:59:53.146Z] Error: EPIPE: broken pipe, write
    at Socket._write (node:internal/net:63:18)
    at writeOrBuffer (node:internal/streams/writable:572:12)
    at _write (node:internal/streams/writable:501:10)
    at Writable.write (node:internal/streams/writable:510:10)
    at Console.log (D:\src\nvm\v22.22.0\node_modules\firebase-tools\node_modules\winston\lib\winston\transports\console.js:87:23)
    at Console._write (D:\src\nvm\v22.22.0\node_modules\firebase-tools\node_modules\winston-transport\modern.js:103:17)
    at doWrite (D:\src\nvm\v22.22.0\node_modules\firebase-tools\node_modules\winston-transport\node_modules\readable-stream\lib\_stream_writable.js:390:139)
    at writeOrBuffer (D:\src\nvm\v22.22.0\node_modules\firebase-tools\node_modules\winston-transport\node_modules\readable-stream\lib\_stream_writable.js:381:5)
    at Writable.write (D:\src\nvm\v22.22.0\node_modules\firebase-tools\node_modules\winston-transport\node_modules\readable-stream\lib\_stream_writable.js:302:11)
    at DerivedLogger.ondata (D:\src\nvm\v22.22.0\node_modules\firebase-tools\node_modules\winston\node_modules\readable-stream\lib\_stream_readable.js:629:20)
[error] 
[debug] [2026-04-25T16:59:53.550Z] <<< [apiv2][status] POST https://cloudresourcemanager.googleapis.com/v1/projects/faridcseku:testIamPermissions 200
[debug] [2026-04-25T16:59:53.551Z] <<< [apiv2][body] POST https://cloudresourcemanager.googleapis.com/v1/projects/faridcseku:testIamPermissions {"permissions":["firebase.projects.get","firebasehosting.sites.update"]}
[debug] [2026-04-25T16:59:53.554Z] Checked if tokens are valid: true, expires at: 1777139818238
[debug] [2026-04-25T16:59:53.554Z] Checked if tokens are valid: true, expires at: 1777139818238
[debug] [2026-04-25T16:59:53.555Z] >>> [apiv2][query] GET https://firebase.googleapis.com/v1beta1/projects/faridcseku [none]
[debug] [2026-04-25T16:59:54.311Z] <<< [apiv2][status] GET https://firebase.googleapis.com/v1beta1/projects/faridcseku 200
[debug] [2026-04-25T16:59:54.312Z] <<< [apiv2][body] GET https://firebase.googleapis.com/v1beta1/projects/faridcseku {"projectId":"faridcseku","projectNumber":"394136883209","displayName":"FaridCseKu","name":"projects/faridcseku","resources":{"hostingSite":"faridcseku"},"state":"ACTIVE","etag":"1_e5a12a89-c5ab-4907-b194-550a798f52c3"}
[info] 
[info] === Deploying to 'faridcseku'...
[info] 
[info] i  deploying hosting 
[debug] [2026-04-25T16:59:54.340Z] Checked if tokens are valid: true, expires at: 1777139818238
[debug] [2026-04-25T16:59:54.340Z] Checked if tokens are valid: true, expires at: 1777139818238
[debug] [2026-04-25T16:59:54.341Z] >>> [apiv2][query] POST https://firebasehosting.googleapis.com/v1beta1/projects/-/sites/faridcseku/versions [none]
[debug] [2026-04-25T16:59:54.341Z] >>> [apiv2][body] POST https://firebasehosting.googleapis.com/v1beta1/projects/-/sites/faridcseku/versions {"status":"CREATED","labels":{"deployment-tool":"cli-firebase"}}
[debug] [2026-04-25T16:59:55.887Z] <<< [apiv2][status] POST https://firebasehosting.googleapis.com/v1beta1/projects/-/sites/faridcseku/versions 200
[debug] [2026-04-25T16:59:55.888Z] <<< [apiv2][body] POST https://firebasehosting.googleapis.com/v1beta1/projects/-/sites/faridcseku/versions {"name":"projects/394136883209/sites/faridcseku/versions/eed8e08556c2ec65","status":"CREATED","config":{},"labels":{"deployment-tool":"cli-firebase"}}
[info] i  hosting[faridcseku]: beginning deploy... 
[info] i  hosting[faridcseku]: found 6 files in dist 
[debug] [2026-04-25T16:59:55.935Z] [hosting] uploading with 200 concurrency
[debug] [2026-04-25T16:59:55.938Z] [hosting] hash cache [ZGlzdA] not populated
[debug] [2026-04-25T16:59:56.569Z] Checked if tokens are valid: true, expires at: 1777139818238
[debug] [2026-04-25T16:59:56.570Z] Checked if tokens are valid: true, expires at: 1777139818238
[debug] [2026-04-25T16:59:56.657Z] [hosting] hash cache [ZGlzdA] stored for 6 files
[debug] [2026-04-25T16:59:56.658Z] [hosting][hash queue][FINAL] {"max":624,"min":327,"avg":406.6666666666667,"active":0,"complete":6,"success":6,"errored":0,"retried":0,"total":6,"elapsed":719}
[debug] [2026-04-25T16:59:56.663Z] >>> [apiv2][query] POST https://firebasehosting.googleapis.com/v1beta1/projects/394136883209/sites/faridcseku/versions/eed8e08556c2ec65:populateFiles [none]
[debug] [2026-04-25T16:59:56.664Z] >>> [apiv2][body] POST https://firebasehosting.googleapis.com/v1beta1/projects/394136883209/sites/faridcseku/versions/eed8e08556c2ec65:populateFiles {"files":{"/index.html":"2ca4940a920635adb617d07ae21d76c0251ca9191dc64e2ec7b555df4326b10a","/assets/index-wmRvb6S0.css":"a69a9fb01ec8b808fe9018542c3e8dcbebe218b2bc798ceb1b66984e10ff9127","/assets/ScrollTrigger-BrDuEirF.js":"60dda3f05f3642ecc60d4c1cc5a6b3108f13ababcf1b99d13c32d2e33940e29b","/assets/index-D4-8ALNT.js":"eabb8361ee448e66bb4b8a66b8fae1d2f261edf21ac2a773b13dede481913599","/assets/index-B7bdLaAe.js":"7a414375fb38214c99f2bb06f0fe93962c12265071ae419201121f8eb0ea5eed","/assets/three.module--MGUDD-H.js":"30ae64cb1a207a601daee32c09d17e0a338967c48f703d6689eb0b5628f7a26c"}}
[debug] [2026-04-25T16:59:57.438Z] <<< [apiv2][status] POST https://firebasehosting.googleapis.com/v1beta1/projects/394136883209/sites/faridcseku/versions/eed8e08556c2ec65:populateFiles 200
[debug] [2026-04-25T16:59:57.438Z] <<< [apiv2][body] POST https://firebasehosting.googleapis.com/v1beta1/projects/394136883209/sites/faridcseku/versions/eed8e08556c2ec65:populateFiles {"uploadRequiredHashes":["2ca4940a920635adb617d07ae21d76c0251ca9191dc64e2ec7b555df4326b10a","a69a9fb01ec8b808fe9018542c3e8dcbebe218b2bc798ceb1b66984e10ff9127","60dda3f05f3642ecc60d4c1cc5a6b3108f13ababcf1b99d13c32d2e33940e29b","eabb8361ee448e66bb4b8a66b8fae1d2f261edf21ac2a773b13dede481913599","7a414375fb38214c99f2bb06f0fe93962c12265071ae419201121f8eb0ea5eed","30ae64cb1a207a601daee32c09d17e0a338967c48f703d6689eb0b5628f7a26c"],"uploadUrl":"https://upload-firebasehosting.googleapis.com/upload/sites/faridcseku/versions/eed8e08556c2ec65/files"}
[debug] [2026-04-25T16:59:57.441Z] Checked if tokens are valid: true, expires at: 1777139818238
[debug] [2026-04-25T16:59:57.442Z] Checked if tokens are valid: true, expires at: 1777139818238
[debug] [2026-04-25T16:59:57.443Z] Checked if tokens are valid: true, expires at: 1777139818238
[debug] [2026-04-25T16:59:57.444Z] Checked if tokens are valid: true, expires at: 1777139818238
[debug] [2026-04-25T16:59:57.445Z] Checked if tokens are valid: true, expires at: 1777139818238
[debug] [2026-04-25T16:59:57.445Z] Checked if tokens are valid: true, expires at: 1777139818238
[debug] [2026-04-25T16:59:57.446Z] Checked if tokens are valid: true, expires at: 1777139818238
[debug] [2026-04-25T16:59:57.446Z] Checked if tokens are valid: true, expires at: 1777139818238
[debug] [2026-04-25T16:59:57.447Z] Checked if tokens are valid: true, expires at: 1777139818238
[debug] [2026-04-25T16:59:57.447Z] Checked if tokens are valid: true, expires at: 1777139818238
[debug] [2026-04-25T16:59:57.448Z] Checked if tokens are valid: true, expires at: 1777139818238
[debug] [2026-04-25T16:59:57.448Z] Checked if tokens are valid: true, expires at: 1777139818238
[debug] [2026-04-25T16:59:57.448Z] >>> [apiv2][query] POST https://upload-firebasehosting.googleapis.com/upload/sites/faridcseku/versions/eed8e08556c2ec65/files/2ca4940a920635adb617d07ae21d76c0251ca9191dc64e2ec7b555df4326b10a [none]
[debug] [2026-04-25T16:59:57.449Z] >>> [apiv2][body] POST https://upload-firebasehosting.googleapis.com/upload/sites/faridcseku/versions/eed8e08556c2ec65/files/2ca4940a920635adb617d07ae21d76c0251ca9191dc64e2ec7b555df4326b10a [stream]
[debug] [2026-04-25T16:59:57.453Z] >>> [apiv2][query] POST https://upload-firebasehosting.googleapis.com/upload/sites/faridcseku/versions/eed8e08556c2ec65/files/a69a9fb01ec8b808fe9018542c3e8dcbebe218b2bc798ceb1b66984e10ff9127 [none]
[debug] [2026-04-25T16:59:57.454Z] >>> [apiv2][body] POST https://upload-firebasehosting.googleapis.com/upload/sites/faridcseku/versions/eed8e08556c2ec65/files/a69a9fb01ec8b808fe9018542c3e8dcbebe218b2bc798ceb1b66984e10ff9127 [stream]
[debug] [2026-04-25T16:59:57.458Z] >>> [apiv2][query] POST https://upload-firebasehosting.googleapis.com/upload/sites/faridcseku/versions/eed8e08556c2ec65/files/60dda3f05f3642ecc60d4c1cc5a6b3108f13ababcf1b99d13c32d2e33940e29b [none]
[debug] [2026-04-25T16:59:57.458Z] >>> [apiv2][body] POST https://upload-firebasehosting.googleapis.com/upload/sites/faridcseku/versions/eed8e08556c2ec65/files/60dda3f05f3642ecc60d4c1cc5a6b3108f13ababcf1b99d13c32d2e33940e29b [stream]
[debug] [2026-04-25T16:59:57.473Z] >>> [apiv2][query] POST https://upload-firebasehosting.googleapis.com/upload/sites/faridcseku/versions/eed8e08556c2ec65/files/eabb8361ee448e66bb4b8a66b8fae1d2f261edf21ac2a773b13dede481913599 [none]
[debug] [2026-04-25T16:59:57.473Z] >>> [apiv2][body] POST https://upload-firebasehosting.googleapis.com/upload/sites/faridcseku/versions/eed8e08556c2ec65/files/eabb8361ee448e66bb4b8a66b8fae1d2f261edf21ac2a773b13dede481913599 [stream]
[debug] [2026-04-25T16:59:57.477Z] >>> [apiv2][query] POST https://upload-firebasehosting.googleapis.com/upload/sites/faridcseku/versions/eed8e08556c2ec65/files/7a414375fb38214c99f2bb06f0fe93962c12265071ae419201121f8eb0ea5eed [none]
[debug] [2026-04-25T16:59:57.478Z] >>> [apiv2][body] POST https://upload-firebasehosting.googleapis.com/upload/sites/faridcseku/versions/eed8e08556c2ec65/files/7a414375fb38214c99f2bb06f0fe93962c12265071ae419201121f8eb0ea5eed [stream]
[debug] [2026-04-25T16:59:57.483Z] >>> [apiv2][query] POST https://upload-firebasehosting.googleapis.com/upload/sites/faridcseku/versions/eed8e08556c2ec65/files/30ae64cb1a207a601daee32c09d17e0a338967c48f703d6689eb0b5628f7a26c [none]
[debug] [2026-04-25T16:59:57.483Z] >>> [apiv2][body] POST https://upload-firebasehosting.googleapis.com/upload/sites/faridcseku/versions/eed8e08556c2ec65/files/30ae64cb1a207a601daee32c09d17e0a338967c48f703d6689eb0b5628f7a26c [stream]
[debug] [2026-04-25T16:59:57.487Z] [hosting][populate queue][FINAL] {"max":880,"min":880,"avg":880,"active":0,"complete":1,"success":1,"errored":0,"retried":0,"total":1,"elapsed":919}
[debug] [2026-04-25T16:59:57.488Z] [hosting] uploads queued: 6
[info] i  hosting: uploading new files [0/6] (0%) 
[debug] [2026-04-25T16:59:59.244Z] <<< [apiv2][status] POST https://upload-firebasehosting.googleapis.com/upload/sites/faridcseku/versions/eed8e08556c2ec65/files/60dda3f05f3642ecc60d4c1cc5a6b3108f13ababcf1b99d13c32d2e33940e29b 200
[debug] [2026-04-25T16:59:59.245Z] <<< [apiv2][body] POST https://upload-firebasehosting.googleapis.com/upload/sites/faridcseku/versions/eed8e08556c2ec65/files/60dda3f05f3642ecc60d4c1cc5a6b3108f13ababcf1b99d13c32d2e33940e29b [stream]
[debug] [2026-04-25T16:59:59.406Z] <<< [apiv2][status] POST https://upload-firebasehosting.googleapis.com/upload/sites/faridcseku/versions/eed8e08556c2ec65/files/a69a9fb01ec8b808fe9018542c3e8dcbebe218b2bc798ceb1b66984e10ff9127 200
[debug] [2026-04-25T16:59:59.406Z] <<< [apiv2][body] POST https://upload-firebasehosting.googleapis.com/upload/sites/faridcseku/versions/eed8e08556c2ec65/files/a69a9fb01ec8b808fe9018542c3e8dcbebe218b2bc798ceb1b66984e10ff9127 [stream]
[debug] [2026-04-25T16:59:59.410Z] <<< [apiv2][status] POST https://upload-firebasehosting.googleapis.com/upload/sites/faridcseku/versions/eed8e08556c2ec65/files/eabb8361ee448e66bb4b8a66b8fae1d2f261edf21ac2a773b13dede481913599 200
[debug] [2026-04-25T16:59:59.410Z] <<< [apiv2][body] POST https://upload-firebasehosting.googleapis.com/upload/sites/faridcseku/versions/eed8e08556c2ec65/files/eabb8361ee448e66bb4b8a66b8fae1d2f261edf21ac2a773b13dede481913599 [stream]
[debug] [2026-04-25T16:59:59.457Z] <<< [apiv2][status] POST https://upload-firebasehosting.googleapis.com/upload/sites/faridcseku/versions/eed8e08556c2ec65/files/2ca4940a920635adb617d07ae21d76c0251ca9191dc64e2ec7b555df4326b10a 200
[debug] [2026-04-25T16:59:59.458Z] <<< [apiv2][body] POST https://upload-firebasehosting.googleapis.com/upload/sites/faridcseku/versions/eed8e08556c2ec65/files/2ca4940a920635adb617d07ae21d76c0251ca9191dc64e2ec7b555df4326b10a [stream]
[debug] [2026-04-25T16:59:59.529Z] <<< [apiv2][status] POST https://upload-firebasehosting.googleapis.com/upload/sites/faridcseku/versions/eed8e08556c2ec65/files/30ae64cb1a207a601daee32c09d17e0a338967c48f703d6689eb0b5628f7a26c 200
[debug] [2026-04-25T16:59:59.529Z] <<< [apiv2][body] POST https://upload-firebasehosting.googleapis.com/upload/sites/faridcseku/versions/eed8e08556c2ec65/files/30ae64cb1a207a601daee32c09d17e0a338967c48f703d6689eb0b5628f7a26c [stream]
[debug] [2026-04-25T16:59:59.932Z] <<< [apiv2][status] POST https://upload-firebasehosting.googleapis.com/upload/sites/faridcseku/versions/eed8e08556c2ec65/files/7a414375fb38214c99f2bb06f0fe93962c12265071ae419201121f8eb0ea5eed 200
[debug] [2026-04-25T16:59:59.932Z] <<< [apiv2][body] POST https://upload-firebasehosting.googleapis.com/upload/sites/faridcseku/versions/eed8e08556c2ec65/files/7a414375fb38214c99f2bb06f0fe93962c12265071ae419201121f8eb0ea5eed [stream]
[debug] [2026-04-25T16:59:59.932Z] [hosting][upload queue][FINAL] {"max":2485,"min":1801,"avg":2053,"active":0,"complete":6,"success":6,"errored":0,"retried":0,"total":6,"elapsed":2494}
[info] i  hosting: upload complete 
[info] +  hosting[faridcseku]: file upload complete 
[debug] [2026-04-25T16:59:59.933Z] [hosting] deploy completed after 4037ms
[debug] [2026-04-25T16:59:59.934Z] [
  {
    "config": {
      "public": "dist",
      "ignore": [
        "firebase.json",
        "**/.*",
        "**/node_modules/**"
      ],
      "rewrites": [
        {
          "source": "**",
          "destination": "/index.html"
        }
      ],
      "site": "faridcseku"
    },
    "version": "projects/394136883209/sites/faridcseku/versions/eed8e08556c2ec65"
  }
]
[info] i  hosting[faridcseku]: finalizing version... 
[debug] [2026-04-25T16:59:59.940Z] Checked if tokens are valid: true, expires at: 1777139818238
[debug] [2026-04-25T16:59:59.940Z] Checked if tokens are valid: true, expires at: 1777139818238
[debug] [2026-04-25T16:59:59.941Z] >>> [apiv2][query] PATCH https://firebasehosting.googleapis.com/v1beta1/projects/-/sites/faridcseku/versions/eed8e08556c2ec65 updateMask=status%2Cconfig
[debug] [2026-04-25T16:59:59.941Z] >>> [apiv2][body] PATCH https://firebasehosting.googleapis.com/v1beta1/projects/-/sites/faridcseku/versions/eed8e08556c2ec65 {"status":"FINALIZED","config":{"rewrites":[{"glob":"**","path":"/index.html"}]}}
[debug] [2026-04-25T17:00:00.635Z] <<< [apiv2][status] PATCH https://firebasehosting.googleapis.com/v1beta1/projects/-/sites/faridcseku/versions/eed8e08556c2ec65 200
[debug] [2026-04-25T17:00:00.635Z] <<< [apiv2][body] PATCH https://firebasehosting.googleapis.com/v1beta1/projects/-/sites/faridcseku/versions/eed8e08556c2ec65 {"name":"projects/394136883209/sites/faridcseku/versions/eed8e08556c2ec65","status":"FINALIZED","config":{"rewrites":[{"glob":"**","path":"/index.html"}]},"labels":{"deployment-tool":"cli-firebase"},"createTime":"2026-04-25T17:01:27.208819Z","createUser":{"email":"mdfaridhossenrehad@gmail.com"},"finalizeTime":"2026-04-25T17:01:32.432097Z","finalizeUser":{"email":"mdfaridhossenrehad@gmail.com"}}
[debug] [2026-04-25T17:00:00.635Z] [hosting] finalized version for faridcseku:[object Object]
[info] +  hosting[faridcseku]: version finalized 
[info] i  hosting[faridcseku]: releasing new version... 
[debug] [2026-04-25T17:00:00.636Z] Checked if tokens are valid: true, expires at: 1777139818238
[debug] [2026-04-25T17:00:00.636Z] Checked if tokens are valid: true, expires at: 1777139818238
[debug] [2026-04-25T17:00:00.637Z] >>> [apiv2][query] POST https://firebasehosting.googleapis.com/v1beta1/projects/-/sites/faridcseku/channels/live/releases versionName=projects%2F394136883209%2Fsites%2Ffaridcseku%2Fversions%2Feed8e08556c2ec65
[debug] [2026-04-25T17:00:00.637Z] >>> [apiv2][body] POST https://firebasehosting.googleapis.com/v1beta1/projects/-/sites/faridcseku/channels/live/releases {}
[debug] [2026-04-25T17:00:01.738Z] <<< [apiv2][status] POST https://firebasehosting.googleapis.com/v1beta1/projects/-/sites/faridcseku/channels/live/releases 200
[debug] [2026-04-25T17:00:01.739Z] <<< [apiv2][body] POST https://firebasehosting.googleapis.com/v1beta1/projects/-/sites/faridcseku/channels/live/releases {"name":"projects/394136883209/sites/faridcseku/channels/live/releases/1777136492833000","version":{"name":"projects/394136883209/sites/faridcseku/versions/eed8e08556c2ec65","status":"FINALIZED","config":{"rewrites":[{"glob":"**","path":"/index.html"}]},"labels":{"deployment-tool":"cli-firebase"},"createTime":"2026-04-25T17:01:27.208819Z","createUser":{"email":"mdfaridhossenrehad@gmail.com","imageUrl":"https://lh3.googleusercontent.com/a-/ALV-UjUrt7orh1ErP-XfAWKDDnImvc6HlZ6COIwl307xqRIlep-ULzh_ufojGowvm7WjIhGJi2khr3ouNxxyEBeYzPWNup76NURPKxfRIDJNrNsfMGJaBSlioQOF4Jw729RlCEnZ9ZFJiBufR-TMEJAsY81CeG7L2J62HDDDjaLKXaKg1XmWsXoBEdmMgdwWukSxm10Q7CMM4GlpqI9t52mzRZxva2xCdUfsHfHOzIomPc_eh2z7ivxGqX78mvyAwZG3BGws9LnATPpFivTUaCve0v1NlBt0_Ba2rJP_mIiuXoK5TB9Rim92zjGFv3omkhmYTQ9xE7C2jiQvDxZq83Fw8ZQuKXfwjeYyFVD6bgqOcf4ZWDbUaIDB3e57nZqPsl_F1Cz1_PVF2K850GPh3r_tXzFJfL8Ec84wKvfINapfEoUfNx4wWIFek0jinn8tCwh8N9p9rjL04HkZRrZ51DHyMLvPpSAnHHsUHf8xeh6MuPWOc7nIRKNZ0JthjY3AfZyezdN5zWUP8vBYuD3i3Tf5nEMTCO21tBYy8jmBPKE1IlqLUIF2NOJrOluuO0pPBB2HBIDDuTgT0Mq7Dm4jwV_JlKA_rBKxezBoGwv0VR0u3XMoGnHyctxTNPiVzEdBBFvgZzk_rb7SJzNKcsKYpug159T7is30QLmodKNYAn5-owon1rUnlrbM2SOPoH5h0s5SzW7P78AhWLGLVXkDgmlAOtstEY0H-lO_t6I_g4APUdJ_MhNVeAKZUVxKBKySPXnJ-H5rEK_CBtQRuEaZVdPmT_NQroUJrASq3OqCNLA16URloXbtUw5eyOE5RjU4yvvykXlCb45WKt99VM9y59PFybIWnQfyv6UE8wbglJvnRDMq8H7KvSSU1oqKkoLhTdx325B-mYT6_heZGdGdq9X4e-F3aW70ufsUbifaR-i5RDfcoW0B4yrz8OJvYK7eRgh0rW6VcDxW_gzN-BxArsMqHHg3-a833hp3S8Pe7XO0PRMGf6Pr4GH5yXQ6-kqdSPeKhWwpP7biRskERgYQ4CxFXzhLpLz1GdfFcXgJWsLe9Z-OY45D9ITTKDs"},"finalizeTime":"2026-04-25T17:01:32.432097Z","finalizeUser":{"email":"mdfaridhossenrehad@gmail.com","imageUrl":"https://lh3.googleusercontent.com/a-/ALV-UjUrt7orh1ErP-XfAWKDDnImvc6HlZ6COIwl307xqRIlep-ULzh_ufojGowvm7WjIhGJi2khr3ouNxxyEBeYzPWNup76NURPKxfRIDJNrNsfMGJaBSlioQOF4Jw729RlCEnZ9ZFJiBufR-TMEJAsY81CeG7L2J62HDDDjaLKXaKg1XmWsXoBEdmMgdwWukSxm10Q7CMM4GlpqI9t52mzRZxva2xCdUfsHfHOzIomPc_eh2z7ivxGqX78mvyAwZG3BGws9LnATPpFivTUaCve0v1NlBt0_Ba2rJP_mIiuXoK5TB9Rim92zjGFv3omkhmYTQ9xE7C2jiQvDxZq83Fw8ZQuKXfwjeYyFVD6bgqOcf4ZWDbUaIDB3e57nZqPsl_F1Cz1_PVF2K850GPh3r_tXzFJfL8Ec84wKvfINapfEoUfNx4wWIFek0jinn8tCwh8N9p9rjL04HkZRrZ51DHyMLvPpSAnHHsUHf8xeh6MuPWOc7nIRKNZ0JthjY3AfZyezdN5zWUP8vBYuD3i3Tf5nEMTCO21tBYy8jmBPKE1IlqLUIF2NOJrOluuO0pPBB2HBIDDuTgT0Mq7Dm4jwV_JlKA_rBKxezBoGwv0VR0u3XMoGnHyctxTNPiVzEdBBFvgZzk_rb7SJzNKcsKYpug159T7is30QLmodKNYAn5-owon1rUnlrbM2SOPoH5h0s5SzW7P78AhWLGLVXkDgmlAOtstEY0H-lO_t6I_g4APUdJ_MhNVeAKZUVxKBKySPXnJ-H5rEK_CBtQRuEaZVdPmT_NQroUJrASq3OqCNLA16URloXbtUw5eyOE5RjU4yvvykXlCb45WKt99VM9y59PFybIWnQfyv6UE8wbglJvnRDMq8H7KvSSU1oqKkoLhTdx325B-mYT6_heZGdGdq9X4e-F3aW70ufsUbifaR-i5RDfcoW0B4yrz8OJvYK7eRgh0rW6VcDxW_gzN-BxArsMqHHg3-a833hp3S8Pe7XO0PRMGf6Pr4GH5yXQ6-kqdSPeKhWwpP7biRskERgYQ4CxFXzhLpLz1GdfFcXgJWsLe9Z-OY45D9ITTKDs"}},"type":"DEPLOY","releaseTime":"2026-04-25T17:01:32.833Z","releaseUser":{"email":"mdfaridhossenrehad@gmail.com","imageUrl":"https://lh3.googleusercontent.com/a-/ALV-UjUrt7orh1ErP-XfAWKDDnImvc6HlZ6COIwl307xqRIlep-ULzh_ufojGowvm7WjIhGJi2khr3ouNxxyEBeYzPWNup76NURPKxfRIDJNrNsfMGJaBSlioQOF4Jw729RlCEnZ9ZFJiBufR-TMEJAsY81CeG7L2J62HDDDjaLKXaKg1XmWsXoBEdmMgdwWukSxm10Q7CMM4GlpqI9t52mzRZxva2xCdUfsHfHOzIomPc_eh2z7ivxGqX78mvyAwZG3BGws9LnATPpFivTUaCve0v1NlBt0_Ba2rJP_mIiuXoK5TB9Rim92zjGFv3omkhmYTQ9xE7C2jiQvDxZq83Fw8ZQuKXfwjeYyFVD6bgqOcf4ZWDbUaIDB3e57nZqPsl_F1Cz1_PVF2K850GPh3r_tXzFJfL8Ec84wKvfINapfEoUfNx4wWIFek0jinn8tCwh8N9p9rjL04HkZRrZ51DHyMLvPpSAnHHsUHf8xeh6MuPWOc7nIRKNZ0JthjY3AfZyezdN5zWUP8vBYuD3i3Tf5nEMTCO21tBYy8jmBPKE1IlqLUIF2NOJrOluuO0pPBB2HBIDDuTgT0Mq7Dm4jwV_JlKA_rBKxezBoGwv0VR0u3XMoGnHyctxTNPiVzEdBBFvgZzk_rb7SJzNKcsKYpug159T7is30QLmodKNYAn5-owon1rUnlrbM2SOPoH5h0s5SzW7P78AhWLGLVXkDgmlAOtstEY0H-lO_t6I_g4APUdJ_MhNVeAKZUVxKBKySPXnJ-H5rEK_CBtQRuEaZVdPmT_NQroUJrASq3OqCNLA16URloXbtUw5eyOE5RjU4yvvykXlCb45WKt99VM9y59PFybIWnQfyv6UE8wbglJvnRDMq8H7KvSSU1oqKkoLhTdx325B-mYT6_heZGdGdq9X4e-F3aW70ufsUbifaR-i5RDfcoW0B4yrz8OJvYK7eRgh0rW6VcDxW_gzN-BxArsMqHHg3-a833hp3S8Pe7XO0PRMGf6Pr4GH5yXQ6-kqdSPeKhWwpP7biRskERgYQ4CxFXzhLpLz1GdfFcXgJWsLe9Z-OY45D9ITTKDs"}}
[debug] [2026-04-25T17:00:01.740Z] [hosting] release: {"name":"projects/394136883209/sites/faridcseku/channels/live/releases/1777136492833000","version":{"name":"projects/394136883209/sites/faridcseku/versions/eed8e08556c2ec65","status":"FINALIZED","config":{"rewrites":[{"glob":"**","path":"/index.html"}]},"labels":{"deployment-tool":"cli-firebase"},"createTime":"2026-04-25T17:01:27.208819Z","createUser":{"email":"mdfaridhossenrehad@gmail.com","imageUrl":"https://lh3.googleusercontent.com/a-/ALV-UjUrt7orh1ErP-XfAWKDDnImvc6HlZ6COIwl307xqRIlep-ULzh_ufojGowvm7WjIhGJi2khr3ouNxxyEBeYzPWNup76NURPKxfRIDJNrNsfMGJaBSlioQOF4Jw729RlCEnZ9ZFJiBufR-TMEJAsY81CeG7L2J62HDDDjaLKXaKg1XmWsXoBEdmMgdwWukSxm10Q7CMM4GlpqI9t52mzRZxva2xCdUfsHfHOzIomPc_eh2z7ivxGqX78mvyAwZG3BGws9LnATPpFivTUaCve0v1NlBt0_Ba2rJP_mIiuXoK5TB9Rim92zjGFv3omkhmYTQ9xE7C2jiQvDxZq83Fw8ZQuKXfwjeYyFVD6bgqOcf4ZWDbUaIDB3e57nZqPsl_F1Cz1_PVF2K850GPh3r_tXzFJfL8Ec84wKvfINapfEoUfNx4wWIFek0jinn8tCwh8N9p9rjL04HkZRrZ51DHyMLvPpSAnHHsUHf8xeh6MuPWOc7nIRKNZ0JthjY3AfZyezdN5zWUP8vBYuD3i3Tf5nEMTCO21tBYy8jmBPKE1IlqLUIF2NOJrOluuO0pPBB2HBIDDuTgT0Mq7Dm4jwV_JlKA_rBKxezBoGwv0VR0u3XMoGnHyctxTNPiVzEdBBFvgZzk_rb7SJzNKcsKYpug159T7is30QLmodKNYAn5-owon1rUnlrbM2SOPoH5h0s5SzW7P78AhWLGLVXkDgmlAOtstEY0H-lO_t6I_g4APUdJ_MhNVeAKZUVxKBKySPXnJ-H5rEK_CBtQRuEaZVdPmT_NQroUJrASq3OqCNLA16URloXbtUw5eyOE5RjU4yvvykXlCb45WKt99VM9y59PFybIWnQfyv6UE8wbglJvnRDMq8H7KvSSU1oqKkoLhTdx325B-mYT6_heZGdGdq9X4e-F3aW70ufsUbifaR-i5RDfcoW0B4yrz8OJvYK7eRgh0rW6VcDxW_gzN-BxArsMqHHg3-a833hp3S8Pe7XO0PRMGf6Pr4GH5yXQ6-kqdSPeKhWwpP7biRskERgYQ4CxFXzhLpLz1GdfFcXgJWsLe9Z-OY45D9ITTKDs"},"finalizeTime":"2026-04-25T17:01:32.432097Z","finalizeUser":{"email":"mdfaridhossenrehad@gmail.com","imageUrl":"https://lh3.googleusercontent.com/a-/ALV-UjUrt7orh1ErP-XfAWKDDnImvc6HlZ6COIwl307xqRIlep-ULzh_ufojGowvm7WjIhGJi2khr3ouNxxyEBeYzPWNup76NURPKxfRIDJNrNsfMGJaBSlioQOF4Jw729RlCEnZ9ZFJiBufR-TMEJAsY81CeG7L2J62HDDDjaLKXaKg1XmWsXoBEdmMgdwWukSxm10Q7CMM4GlpqI9t52mzRZxva2xCdUfsHfHOzIomPc_eh2z7ivxGqX78mvyAwZG3BGws9LnATPpFivTUaCve0v1NlBt0_Ba2rJP_mIiuXoK5TB9Rim92zjGFv3omkhmYTQ9xE7C2jiQvDxZq83Fw8ZQuKXfwjeYyFVD6bgqOcf4ZWDbUaIDB3e57nZqPsl_F1Cz1_PVF2K850GPh3r_tXzFJfL8Ec84wKvfINapfEoUfNx4wWIFek0jinn8tCwh8N9p9rjL04HkZRrZ51DHyMLvPpSAnHHsUHf8xeh6MuPWOc7nIRKNZ0JthjY3AfZyezdN5zWUP8vBYuD3i3Tf5nEMTCO21tBYy8jmBPKE1IlqLUIF2NOJrOluuO0pPBB2HBIDDuTgT0Mq7Dm4jwV_JlKA_rBKxezBoGwv0VR0u3XMoGnHyctxTNPiVzEdBBFvgZzk_rb7SJzNKcsKYpug159T7is30QLmodKNYAn5-owon1rUnlrbM2SOPoH5h0s5SzW7P78AhWLGLVXkDgmlAOtstEY0H-lO_t6I_g4APUdJ_MhNVeAKZUVxKBKySPXnJ-H5rEK_CBtQRuEaZVdPmT_NQroUJrASq3OqCNLA16URloXbtUw5eyOE5RjU4yvvykXlCb45WKt99VM9y59PFybIWnQfyv6UE8wbglJvnRDMq8H7KvSSU1oqKkoLhTdx325B-mYT6_heZGdGdq9X4e-F3aW70ufsUbifaR-i5RDfcoW0B4yrz8OJvYK7eRgh0rW6VcDxW_gzN-BxArsMqHHg3-a833hp3S8Pe7XO0PRMGf6Pr4GH5yXQ6-kqdSPeKhWwpP7biRskERgYQ4CxFXzhLpLz1GdfFcXgJWsLe9Z-OY45D9ITTKDs"}},"type":"DEPLOY","releaseTime":"2026-04-25T17:01:32.833Z","releaseUser":{"email":"mdfaridhossenrehad@gmail.com","imageUrl":"https://lh3.googleusercontent.com/a-/ALV-UjUrt7orh1ErP-XfAWKDDnImvc6HlZ6COIwl307xqRIlep-ULzh_ufojGowvm7WjIhGJi2khr3ouNxxyEBeYzPWNup76NURPKxfRIDJNrNsfMGJaBSlioQOF4Jw729RlCEnZ9ZFJiBufR-TMEJAsY81CeG7L2J62HDDDjaLKXaKg1XmWsXoBEdmMgdwWukSxm10Q7CMM4GlpqI9t52mzRZxva2xCdUfsHfHOzIomPc_eh2z7ivxGqX78mvyAwZG3BGws9LnATPpFivTUaCve0v1NlBt0_Ba2rJP_mIiuXoK5TB9Rim92zjGFv3omkhmYTQ9xE7C2jiQvDxZq83Fw8ZQuKXfwjeYyFVD6bgqOcf4ZWDbUaIDB3e57nZqPsl_F1Cz1_PVF2K850GPh3r_tXzFJfL8Ec84wKvfINapfEoUfNx4wWIFek0jinn8tCwh8N9p9rjL04HkZRrZ51DHyMLvPpSAnHHsUHf8xeh6MuPWOc7nIRKNZ0JthjY3AfZyezdN5zWUP8vBYuD3i3Tf5nEMTCO21tBYy8jmBPKE1IlqLUIF2NOJrOluuO0pPBB2HBIDDuTgT0Mq7Dm4jwV_JlKA_rBKxezBoGwv0VR0u3XMoGnHyctxTNPiVzEdBBFvgZzk_rb7SJzNKcsKYpug159T7is30QLmodKNYAn5-owon1rUnlrbM2SOPoH5h0s5SzW7P78AhWLGLVXkDgmlAOtstEY0H-lO_t6I_g4APUdJ_MhNVeAKZUVxKBKySPXnJ-H5rEK_CBtQRuEaZVdPmT_NQroUJrASq3OqCNLA16URloXbtUw5eyOE5RjU4yvvykXlCb45WKt99VM9y59PFybIWnQfyv6UE8wbglJvnRDMq8H7KvSSU1oqKkoLhTdx325B-mYT6_heZGdGdq9X4e-F3aW70ufsUbifaR-i5RDfcoW0B4yrz8OJvYK7eRgh0rW6VcDxW_gzN-BxArsMqHHg3-a833hp3S8Pe7XO0PRMGf6Pr4GH5yXQ6-kqdSPeKhWwpP7biRskERgYQ4CxFXzhLpLz1GdfFcXgJWsLe9Z-OY45D9ITTKDs"}}
[info] +  hosting[faridcseku]: release complete 
[info] 
[info] +  Deploy complete! 
[info] 
[info] Project Console: https://console.firebase.google.com/project/faridcseku/overview
[info] Hosting URL: https://faridcseku.web.app
